start_frame,end_frame,type,from_team,from_player,to_team,to_player,pass_outcome
37,37,PASS,Away,51681,Away,9520,successful
58,58,PASS,Away,9520,Away,50992,successful
74,74,PASS,Away,50992,Away,9520,successful
114,114,PASS,Away,9520,Away,50992,successful
143,143,PASS,Away,50992,Away,51051,successful
173,173,PASS,Away,51051,Away,22937,successful
180,180,PASS,Away,22937,Away,104563,successful
191,191,PASS,Away,104563,Away,51051,successful
212,212,PASS,Away,51051,Away,50992,successful
238,238,PASS,Away,50992,Away,771859,successful
268,268,PASS,Away,771859,Away,9520,successful
292,292,PASS,Away,9520,Away,11891,successful
324,324,PASS,Away,11891,Away,9520,successful
352,352,PASS,Away,9520,Away,771859,successful
395,395,PASS,Away,771859,Away,50992,successful
464,464,PASS,Away,50992,Away,104563,successful
491,491,PASS,Away,104563,Away,22937,unsuccessful
501,501,PASS,Home,51039,Home,51668,unsuccessful
517,517,PASS,Away,104563,Away,771861,successful
528,528,PASS,Away,771861,Away,50992,successful
573,573,PASS,Away,50992,Away,771859,successful
626,626,PASS,Away,771859,Away,50992,successful
675,675,PASS,Away,50992,Away,104563,successful
684,684,PASS,Away,104563,Away,51681,successful
699,699,PASS,Away,51681,Away,51051,unsuccessful
813,813,PASS,Home,795511,Home,795510,successful
836,836,PASS,Home,795510,Home,808609,successful
853,853,PASS,Home,808609,Home,23930,successful
866,866,PASS,Home,23930,Home,808609,unsuccessful
942,942,PASS,Away,9520,Away,11891,successful
976,976,PASS,Away,11891,Away,9520,successful
999,999,PASS,Away,9520,Away,771859,successful
1029,1029,PASS,Away,771859,Away,50992,successful
1088,1088,PASS,Away,50992,Away,51051,successful
1850,1850,PASS,Home,10549,Home,51668,successful
2023,2023,PASS,Home,808609,Home,23930,successful
2060,2060,PASS,Home,23930,Home,808609,offside
2522,2522,PASS,Away,9520,Away,771861,successful
2531,2531,PASS,Away,771861,Away,9520,successful
2565,2565,PASS,Away,9520,Away,771859,successful
2603,2603,PASS,Away,771859,Away,50992,successful
2638,2638,PASS,Away,50992,Away,771859,successful
2677,2677,PASS,Away,771859,Away,9520,successful
2728,2728,PASS,Away,9520,Away,50992,successful
2745,2745,PASS,Away,50992,Away,771861,successful
2782,2782,PASS,Away,771861,Away,51051,successful
2793,2793,PASS,Away,51051,Away,50992,successful
2833,2833,PASS,Away,50992,Away,771859,successful
2884,2884,PASS,Away,771859,Away,50992,successful
2923,2923,PASS,Away,50992,Away,51681,unsuccessful
3121,3121,PASS,Home,923862,Home,51668,unsuccessful
3158,3158,PASS,Away,9520,Away,771857,successful
3201,3201,PASS,Home,29856,Home,795511,successful
3230,3230,PASS,Home,795511,Home,51039,successful
3306,3306,PASS,Away,104563,Away,51051,successful
3312,3312,PASS,Away,51051,Away,50992,successful
3325,3325,PASS,Away,50992,Away,771861,successful
3358,3358,PASS,Away,771861,Away,9520,successful
3402,3402,PASS,Away,9520,Away,51681,successful
3411,3411,PASS,Away,51681,Away,9520,successful
3486,3486,PASS,Away,9520,Away,11891,successful
3505,3505,PASS,Away,11891,Away,771857,successful
3560,3560,PASS,Home,23930,Home,795508,successful
3574,3574,PASS,Home,795508,Home,10549,successful
3611,3611,PASS,Home,10549,Home,923862,successful
3635,3635,PASS,Home,923862,Home,795510,unsuccessful
3863,3863,PASS,Away,9520,Away,50992,successful
3888,3888,PASS,Away,50992,Away,9520,successful
3907,3907,PASS,Away,9520,Away,11891,successful
3940,3940,PASS,Away,11891,Away,9520,successful
3964,3964,PASS,Away,9520,Away,50992,successful
4011,4011,PASS,Away,50992,Away,104563,successful
4042,4042,PASS,Home,51039,Home,795508,unsuccessful
4063,4063,PASS,Home,795510,Home,51039,successful
4093,4093,PASS,Home,51039,Home,34423,unsuccessful
4111,4111,PASS,Away,51051,Away,104563,successful
4189,4189,PASS,Away,22937,Away,51051,successful
4197,4197,PASS,Away,51051,Away,22937,successful
4213,4213,PASS,Away,22937,Away,104563,unsuccessful
4438,4438,PASS,Away,50992,Away,9520,successful
4483,4483,PASS,Away,9520,Away,11891,successful
4532,4532,PASS,Away,11891,Away,50992,successful
4579,4579,PASS,Away,50992,Away,51051,successful
4602,4602,PASS,Away,51051,Away,771859,successful
4664,4664,PASS,Away,771859,Away,50992,successful
4724,4724,PASS,Away,50992,Away,51051,successful
4751,4751,PASS,Away,51051,Away,50992,successful
4770,4770,PASS,Away,50992,Away,9520,successful
4802,4802,PASS,Away,9520,Away,51681,successful
4815,4815,PASS,Away,51681,Away,11891,successful
4823,4823,PASS,Away,11891,Away,51681,unsuccessful
4846,4846,PASS,Away,11891,Away,9520,successful
4864,4864,PASS,Away,9520,Away,50992,successful
4905,4905,PASS,Away,50992,Away,51051,successful
4925,4925,PASS,Away,51051,Away,771861,successful
4933,4933,PASS,Away,771861,Away,22937,unsuccessful
5097,5097,PASS,Home,795511,Home,795510,successful
5124,5124,PASS,Home,795510,Home,23930,successful
5214,5214,PASS,Away,771859,Away,50992,successful
5252,5252,PASS,Away,50992,Away,9520,successful
5276,5276,PASS,Away,9520,Away,771861,successful
5295,5295,PASS,Away,771861,Away,11891,successful
5322,5322,PASS,Away,11891,Away,51681,successful
5345,5345,PASS,Away,51681,Away,9520,successful
5372,5372,PASS,Away,9520,Away,771859,successful
5410,5410,PASS,Away,771859,Away,50992,successful
5462,5462,PASS,Away,50992,Away,51051,successful
5480,5480,PASS,Away,51051,Away,104563,unsuccessful
5612,5612,PASS,Away,50992,Away,771859,successful
5641,5641,PASS,Away,771859,Away,9520,successful
5705,5705,PASS,Away,9520,Away,50992,successful
5729,5729,PASS,Away,50992,Away,22937,successful
5789,5789,PASS,Away,22937,Away,771861,successful
5817,5817,PASS,Away,771861,Away,50992,successful
5840,5840,PASS,Away,50992,Away,51681,successful
5869,5869,PASS,Away,51681,Away,771857,successful
5898,5898,PASS,Away,771857,Away,51681,successful
5914,5914,PASS,Away,51681,Away,11891,successful
5950,5950,PASS,Home,808609,Home,23930,successful
5957,5957,PASS,Home,23930,Home,51668,unsuccessful
5997,5997,PASS,Away,9520,Away,51681,successful
6020,6020,PASS,Away,51681,Away,771857,successful
6058,6058,PASS,Home,23930,Home,29856,unsuccessful
6664,6664,PASS,Away,22937,Away,771857,unsuccessful
7002,7002,PASS,Home,10549,Home,23930,successful
7012,7012,PASS,Home,23930,Home,808609,successful
7018,7018,PASS,Home,808609,Home,23930,unsuccessful
7250,7250,PASS,Home,795508,Home,,unsuccessful
7344,7344,PASS,Away,9520,Away,771859,successful
7375,7375,PASS,Away,771859,Away,50992,successful
7409,7409,PASS,Away,50992,Away,11891,successful
7474,7474,PASS,Away,11891,Away,771861,successful
7506,7506,PASS,Away,771861,Away,50992,successful
7561,7561,PASS,Away,50992,Away,51051,successful
7574,7574,PASS,Away,51051,Away,771859,successful
7615,7615,PASS,Away,771859,Away,9520,successful
7644,7644,PASS,Away,9520,Away,771861,successful
7659,7659,PASS,Away,771861,Away,9520,successful
7688,7688,PASS,Away,9520,Away,771861,successful
7708,7708,PASS,Away,771861,Away,9520,successful
7725,7725,PASS,Away,9520,Away,50992,successful
7760,7760,PASS,Away,50992,Away,22937,successful
7775,7775,PASS,Away,22937,Away,51051,successful
7797,7797,PASS,Away,51051,Away,50992,successful
7820,7820,PASS,Away,50992,Away,9520,successful
7849,7849,PASS,Away,9520,Away,11891,successful
7901,7901,PASS,Away,11891,Away,104563,successful
7966,7966,PASS,Away,9520,Away,771861,successful
8000,8000,PASS,Away,771857,Away,11891,unsuccessful
8017,8017,PASS,Home,808609,Home,23930,successful
8030,8030,PASS,Home,23930,Home,51668,unsuccessful
8090,8090,PASS,Home,10549,Home,23930,successful
8105,8105,PASS,Home,23930,Home,29856,unsuccessful
8135,8135,PASS,Home,795510,Home,23930,unsuccessful
8357,8357,PASS,Away,51051,Away,,unsuccessful
8545,8545,PASS,Home,795510,Home,923862,successful
8585,8585,PASS,Home,923862,Home,795511,successful
8601,8601,PASS,Home,795511,Home,51039,successful
8785,8785,PASS,Home,10549,Home,51039,successful
8797,8797,PASS,Home,51039,Home,795508,successful
8804,8804,PASS,Home,795508,Home,795511,successful
8813,8813,PASS,Home,795511,Home,51039,successful
8843,8843,PASS,Home,51039,Home,795508,successful
8849,8849,PASS,Home,795508,Home,51039,unsuccessful
8943,8943,PASS,Away,50992,Away,771859,successful
8974,8974,PASS,Away,771859,Away,9520,successful
9008,9008,PASS,Away,9520,Away,11891,successful
9018,9018,PASS,Away,11891,Away,9520,successful
9054,9054,PASS,Away,9520,Away,771859,successful
9079,9079,PASS,Away,771859,Away,50992,successful
9112,9112,PASS,Away,50992,Away,771859,successful
9161,9161,PASS,Away,771859,Away,50992,successful
9188,9188,PASS,Away,50992,Away,104563,successful
9243,9243,PASS,Away,50992,Away,9520,successful
9277,9277,PASS,Away,9520,Away,51681,successful
9293,9293,PASS,Away,51681,Away,11891,successful
9323,9323,PASS,Away,11891,Away,771861,successful
9344,9344,PASS,Away,771861,Away,104563,unsuccessful
9363,9363,PASS,Away,11891,Away,771859,successful
9393,9393,PASS,Away,771859,Away,50992,successful
9424,9424,PASS,Away,50992,Away,104563,successful
9436,9436,PASS,Away,104563,Away,771859,successful
9479,9479,PASS,Away,771859,Away,9520,successful
9495,9495,PASS,Away,9520,Away,771861,successful
9516,9516,PASS,Away,771861,Away,9520,successful
9544,9544,PASS,Away,9520,Away,11891,successful
9588,9588,PASS,Away,11891,Away,50992,successful
9649,9649,PASS,Away,50992,Away,51051,successful
9677,9677,PASS,Away,51051,Away,771859,successful
9709,9709,PASS,Away,771859,Away,9520,successful
9741,9741,PASS,Away,9520,Away,771857,unsuccessful
9763,9763,PASS,Home,795510,Home,10549,successful
9794,9794,PASS,Home,795508,Home,29856,successful
9814,9814,PASS,Home,29856,Home,23930,successful
9837,9837,PASS,Home,23930,Home,795510,successful
9845,9845,PASS,Home,795510,Home,10549,successful
9852,9852,PASS,Home,10549,Home,23930,unsuccessful
9898,9898,PASS,Home,23930,Home,795510,successful
9915,9915,PASS,Home,795510,Home,923862,successful
9927,9927,PASS,Home,923862,Home,34423,successful
9959,9959,PASS,Home,34423,Home,29856,successful
9988,9988,PASS,Home,29856,Home,51039,successful
10022,10022,PASS,Home,51039,Home,923862,successful
10072,10072,PASS,Home,923862,Home,51668,unsuccessful
10137,10137,PASS,Away,771859,Away,50992,successful
10160,10160,PASS,Away,50992,Away,9520,successful
10194,10194,PASS,Away,9520,Away,11891,successful
10226,10226,PASS,Away,11891,Away,9520,successful
10265,10265,PASS,Away,9520,Away,771859,successful
10304,10304,PASS,Away,771859,Away,9520,successful
10329,10329,PASS,Away,9520,Away,51681,successful
10354,10354,PASS,Away,51681,Away,11891,successful
10390,10390,PASS,Away,11891,Away,771859,successful
10424,10424,PASS,Away,771859,Away,50992,successful
10445,10445,PASS,Away,50992,Away,9520,successful
10481,10481,PASS,Away,9520,Away,771857,unsuccessful
10986,10986,PASS,Away,50992,Away,51051,successful
11009,11009,PASS,Away,51051,Away,795151,unsuccessful
11141,11141,PASS,Away,50992,Away,771861,successful
11216,11216,PASS,Away,771861,Away,9520,successful
11233,11233,PASS,Away,9520,Away,771861,successful
11255,11255,PASS,Away,771861,Away,11891,successful
11278,11278,PASS,Away,11891,Away,771857,successful
11290,11290,PASS,Away,771857,Away,11891,successful
11308,11308,PASS,Away,11891,Away,9520,successful
11345,11345,PASS,Away,9520,Away,50992,successful
11427,11427,PASS,Away,50992,Away,795151,successful
11453,11453,PASS,Home,795508,Home,795510,unsuccessful
11487,11487,PASS,Away,22937,Away,771861,successful
11504,11504,PASS,Away,771861,Away,51051,successful
11518,11518,PASS,Away,51051,Away,50992,successful
11543,11543,PASS,Away,50992,Away,9520,successful
11624,11624,PASS,Away,9520,Away,51681,successful
11655,11655,PASS,Home,51668,Home,29856,successful
11669,11669,PASS,Home,29856,Home,808609,successful
11683,11683,PASS,Home,808609,Home,10549,successful
11711,11711,PASS,Home,10549,Home,795508,successful
11735,11735,PASS,Home,795508,Home,23930,successful
11767,11767,PASS,Home,23930,Home,51668,unsuccessful
11827,11827,PASS,Away,9520,Away,771857,successful
11855,11855,PASS,Away,771857,Away,9520,successful
11874,11874,PASS,Away,9520,Away,771859,successful
11908,11908,PASS,Away,771859,Away,50992,successful
11943,11943,PASS,Away,50992,Away,51051,successful
11973,11973,PASS,Away,51051,Away,50992,successful
12020,12020,PASS,Away,50992,Away,51681,successful
12060,12060,PASS,Away,51681,Away,11891,successful
12106,12106,PASS,Away,11891,Away,771861,successful
12135,12135,PASS,Away,771861,Away,50992,successful
12170,12170,PASS,Away,50992,Away,22937,successful
12226,12226,PASS,Away,22937,Away,11891,successful
12292,12292,PASS,Away,11891,Away,795151,unsuccessful
12326,12326,PASS,Away,771861,Away,51681,unsuccessful
12334,12334,PASS,Home,808609,Home,29856,unsuccessful
12519,12519,PASS,Home,10549,Home,29856,successful
12526,12526,PASS,Home,29856,Home,23930,successful
12545,12545,PASS,Home,23930,Home,10549,successful
12575,12575,PASS,Home,10549,Home,34423,unsuccessful
12628,12628,PASS,Away,22937,Away,104563,successful
12643,12643,PASS,Away,104563,Away,51051,successful
12682,12682,PASS,Away,51051,Away,771857,successful
13287,13287,PASS,Home,795511,Home,51039,successful
13341,13341,PASS,Home,51039,Home,795510,successful
13372,13372,PASS,Home,795510,Home,23930,successful
13419,13419,PASS,Home,23930,Home,808609,successful
13446,13446,PASS,Home,808609,Home,10549,successful
13470,13470,PASS,Home,10549,Home,795508,successful
13485,13485,PASS,Home,795508,Home,10549,successful
13505,13505,PASS,Home,10549,Home,808609,successful
13516,13516,PASS,Home,808609,Home,10549,successful
13538,13538,PASS,Home,10549,Home,795508,successful
13545,13545,PASS,Home,795508,Home,10549,successful
13583,13583,PASS,Home,10549,Home,795510,successful
13607,13607,PASS,Home,795510,Home,795511,successful
13629,13629,PASS,Home,795511,Home,51039,successful
13650,13650,PASS,Home,51039,Home,795511,successful
13660,13660,PASS,Home,795511,Home,34423,unsuccessful
13691,13691,PASS,Away,50992,Away,771861,unsuccessful
13756,13756,PASS,Home,29856,Home,23930,successful
13800,13800,PASS,Home,23930,Home,51668,unsuccessful
13881,13881,PASS,Away,771859,Away,11891,successful
13971,13971,PASS,Away,11891,Away,9520,successful
14001,14001,PASS,Away,9520,Away,771859,successful
14047,14047,PASS,Away,771859,Away,50992,successful
14066,14066,PASS,Away,50992,Away,51051,successful
14102,14102,PASS,Away,51051,Away,50992,successful
14133,14133,PASS,Away,50992,Away,771859,successful
14167,14167,PASS,Away,771859,Away,9520,successful
14189,14189,PASS,Away,9520,Away,11891,successful
14224,14224,PASS,Away,11891,Away,795151,unsuccessful
14272,14272,PASS,Home,795511,Home,923862,successful
14302,14302,PASS,Home,923862,Home,23930,successful
14336,14336,PASS,Home,23930,Home,795510,successful
14360,14360,PASS,Home,795510,Home,23930,successful
14375,14375,PASS,Home,23930,Home,808609,unsuccessful
14406,14406,PASS,Away,771861,Away,11891,successful
14526,14526,PASS,Away,11891,Away,9520,successful
14555,14555,PASS,Away,9520,Away,51681,successful
14587,14587,PASS,Away,51681,Away,9520,successful
14615,14615,PASS,Away,9520,Away,50992,successful
14639,14639,PASS,Away,50992,Away,9520,successful
14685,14685,PASS,Away,9520,Away,771861,successful
14699,14699,PASS,Away,771861,Away,50992,successful
14724,14724,PASS,Away,50992,Away,771859,successful
14756,14756,PASS,Away,771859,Away,50992,successful
14817,14817,PASS,Away,50992,Away,9520,successful
14892,14892,PASS,Away,9520,Away,795151,unsuccessful
14943,14943,PASS,Away,771859,Away,11891,successful
14962,14962,PASS,Away,11891,Away,51681,successful
15000,15000,PASS,Home,10549,Home,29856,successful
15437,15437,PASS,Away,51051,Away,22937,successful
15558,15558,PASS,Away,51051,Away,771859,successful
15592,15592,PASS,Away,771859,Away,11891,successful
15664,15664,PASS,Away,11891,Away,771861,successful
15679,15679,PASS,Away,771861,Away,9520,successful
15708,15708,PASS,Away,9520,Away,50992,successful
15756,15756,PASS,Away,50992,Away,771861,successful
15773,15773,PASS,Away,771861,Away,771859,successful
15801,15801,PASS,Away,771859,Away,9520,successful
15840,15840,PASS,Away,9520,Away,771861,successful
15859,15859,PASS,Away,771861,Away,11891,successful
15875,15875,PASS,Away,11891,Away,9520,successful
15901,15901,PASS,Away,9520,Away,771859,successful
15925,15925,PASS,Away,771859,Away,51051,successful
15994,15994,PASS,Away,51051,Away,104563,successful
16072,16072,PASS,Away,104563,Away,11891,successful
16115,16115,PASS,Away,11891,Away,771861,successful
16178,16178,PASS,Away,771861,Away,9520,successful
16217,16217,PASS,Away,9520,Away,104563,successful
16228,16228,PASS,Away,104563,Away,771861,successful
16249,16249,PASS,Away,771861,Away,51051,successful
16272,16272,PASS,Away,51051,Away,22937,successful
16283,16283,PASS,Away,22937,Away,51051,successful
16331,16331,PASS,Away,51051,Away,50992,successful
16356,16356,PASS,Away,50992,Away,771859,successful
16396,16396,PASS,Away,771859,Away,9520,successful
16427,16427,PASS,Away,9520,Away,104563,successful
16437,16437,PASS,Away,104563,Away,9520,successful
16487,16487,PASS,Away,9520,Away,50992,successful
16521,16521,PASS,Away,50992,Away,22937,successful
16539,16539,PASS,Away,22937,Away,51051,successful
16560,16560,PASS,Away,51051,Away,50992,successful
16580,16580,PASS,Away,50992,Away,9520,successful
16622,16622,PASS,Away,9520,Away,104563,successful
16639,16639,PASS,Away,104563,Away,795151,unsuccessful
16653,16653,PASS,Away,771861,Away,9520,successful
16689,16689,PASS,Away,9520,Away,771861,successful
16710,16710,PASS,Away,771861,Away,11891,unsuccessful
16998,16998,PASS,Away,9520,Away,771859,successful
17035,17035,PASS,Away,771859,Away,50992,successful
17042,17042,PASS,Away,50992,Away,771859,successful
17061,17061,PASS,Away,771859,Away,771861,successful
17073,17073,PASS,Away,771861,Away,771859,successful
17110,17110,PASS,Away,771859,Away,9520,successful
17168,17168,PASS,Away,9520,Away,771861,successful
17189,17189,PASS,Away,771861,Away,22937,successful
17227,17227,PASS,Away,22937,Away,51051,successful
17243,17243,PASS,Away,51051,Away,104563,successful
17620,17620,PASS,Away,771861,Away,51051,successful
17645,17645,PASS,Away,51051,Away,51681,unsuccessful
18027,18027,PASS,Home,795510,Home,,unsuccessful
18123,18123,PASS,Away,9520,Away,771861,successful
18141,18141,PASS,Away,771861,Away,11891,successful
18173,18173,PASS,Away,11891,Away,9520,successful
18205,18205,PASS,Away,9520,Away,771859,successful
18235,18235,PASS,Away,771859,Away,50992,successful
18277,18277,PASS,Away,50992,Away,104563,successful
18289,18289,PASS,Away,104563,Away,50992,successful
18330,18330,PASS,Away,50992,Away,771859,successful
18364,18364,PASS,Away,771859,Away,9520,successful
18419,18419,PASS,Away,9520,Away,51681,successful
18435,18435,PASS,Away,51681,Away,11891,unsuccessful
18535,18535,PASS,Away,9520,Away,771861,successful
18559,18559,PASS,Away,771861,Away,50992,successful
18623,18623,PASS,Away,50992,Away,104563,successful
18644,18644,PASS,Away,104563,Away,50992,successful
18682,18682,PASS,Away,50992,Away,771859,successful
18714,18714,PASS,Away,771859,Away,9520,successful
18740,18740,PASS,Away,9520,Away,51681,successful
18750,18750,PASS,Away,51681,Away,9520,successful
18788,18788,PASS,Away,9520,Away,771859,successful
18825,18825,PASS,Away,771859,Away,50992,successful
18847,18847,PASS,Away,50992,Away,9520,successful
18877,18877,PASS,Away,9520,Away,771861,successful
18888,18888,PASS,Away,771861,Away,771857,unsuccessful
18934,18934,PASS,Home,10549,Home,795508,unsuccessful
20545,20545,PASS,Home,795508,Home,29856,successful
20555,20555,PASS,Home,29856,Home,10549,successful
20598,20598,PASS,Home,10549,Home,51668,unsuccessful
20613,20613,PASS,Away,50992,Away,22937,unsuccessful
22183,22183,PASS,Home,795510,Home,10549,successful
22214,22214,PASS,Home,10549,Home,795510,successful
22267,22267,PASS,Home,795510,Home,795508,successful
22277,22277,PASS,Home,795508,Home,795510,successful
22292,22292,PASS,Home,795510,Home,10549,successful
22356,22356,PASS,Home,10549,Home,51039,successful
22424,22424,PASS,Home,51039,Home,795510,successful
22458,22458,PASS,Home,795510,Home,808609,successful
22481,22481,PASS,Away,9520,Away,51681,successful
22496,22496,PASS,Away,51681,Away,771857,successful
22519,22519,PASS,Away,771857,Away,795151,unsuccessful
22534,22534,PASS,Home,10549,Home,795508,unsuccessful
22556,22556,PASS,Away,771861,Away,11891,successful
22628,22628,PASS,Away,11891,Away,9520,successful
22651,22651,PASS,Away,9520,Away,771857,successful
22700,22700,PASS,Away,771857,Away,104563,successful
22708,22708,PASS,Away,104563,Away,795151,unsuccessful
22733,22733,PASS,Home,23930,Home,923862,successful
22765,22765,PASS,Home,923862,Home,51039,successful
22805,22805,PASS,Home,51039,Home,34423,successful
22819,22819,PASS,Home,34423,Home,795508,successful
22850,22850,PASS,Home,795508,Home,34423,successful
22929,22929,PASS,Home,34423,Home,10549,successful
22973,22973,PASS,Home,10549,Home,23930,successful
22996,22996,PASS,Home,23930,Home,10549,successful
23014,23014,PASS,Home,10549,Home,29856,successful
23065,23065,PASS,Home,29856,Home,23930,successful
23066,23066,PASS,Home,23930,Home,10549,successful
23089,23089,PASS,Home,10549,Home,795510,successful
23149,23149,PASS,Home,795510,Home,795508,unsuccessful
23165,23165,PASS,Away,795151,Away,104563,successful
23207,23207,PASS,Away,104563,Away,51681,successful
24043,24043,PASS,Away,9520,Away,50992,successful
24124,24124,PASS,Away,50992,Away,771861,successful
24140,24140,PASS,Away,771861,Away,50992,successful
24157,24157,PASS,Away,50992,Away,771861,successful
24179,24179,PASS,Away,771861,Away,9520,successful
24204,24204,PASS,Away,9520,Away,51681,successful
24227,24227,PASS,Away,51681,Away,104563,unsuccessful
24252,24252,PASS,Away,104563,Away,11891,successful
24320,24320,PASS,Away,11891,Away,771856,unsuccessful
24517,24517,PASS,Home,795511,Home,34423,successful
24582,24582,PASS,Home,34423,Home,808609,successful
24611,24611,PASS,Home,808609,Home,795508,successful
24626,24626,PASS,Home,795508,Home,34423,successful
24642,24642,PASS,Home,34423,Home,51039,successful
24695,24695,PASS,Home,51039,Home,795508,successful
24718,24718,PASS,Home,795508,Home,795511,successful
24725,24725,PASS,Home,795511,Home,51039,successful
24766,24766,PASS,Home,51039,Home,795508,unsuccessful
24852,24852,PASS,Home,795511,Home,795510,successful
24875,24875,PASS,Home,795510,Home,23930,successful
24907,24907,PASS,Home,23930,Home,808609,successful
24931,24931,PASS,Home,808609,Home,10549,successful
24957,24957,PASS,Home,10549,Home,795510,successful
24979,24979,PASS,Home,795510,Home,34423,successful
24991,24991,PASS,Home,34423,Home,51039,successful
25016,25016,PASS,Home,51039,Home,34423,successful
25047,25047,PASS,Home,34423,Home,808609,successful
25081,25081,PASS,Home,808609,Home,23930,successful
25130,25130,PASS,Home,23930,Home,29856,successful
25149,25149,PASS,Home,29856,Home,808609,successful
25161,25161,PASS,Home,808609,Home,10549,successful
25496,25496,PASS,Away,771861,Away,771859,successful
25515,25515,PASS,Away,771859,Away,50992,successful
25529,25529,PASS,Away,50992,Away,771859,successful
25614,25614,PASS,Away,771859,Away,50992,successful
25654,25654,PASS,Away,50992,Away,104563,successful
25689,25689,PASS,Away,104563,Away,51051,successful
25708,25708,PASS,Away,51051,Away,771861,successful
25727,25727,PASS,Away,771861,Away,771859,successful
25747,25747,PASS,Away,771859,Away,9520,successful
25843,25843,PASS,Away,9520,Away,771859,successful
25873,25873,PASS,Away,771859,Away,50992,successful
25905,25905,PASS,Away,50992,Away,11891,unsuccessful
26025,26025,PASS,Home,10549,Home,51668,unsuccessful
26051,26051,PASS,Away,50992,Away,104563,successful
26061,26061,PASS,Away,104563,Away,9520,successful
26103,26103,PASS,Away,9520,Away,50992,successful
26130,26130,PASS,Away,50992,Away,104563,successful
26159,26159,PASS,Away,104563,Away,771856,successful
26180,26180,PASS,Away,771856,Away,51051,successful
26196,26196,PASS,Away,51051,Away,50992,successful
26214,26214,PASS,Away,50992,Away,771859,successful
26245,26245,PASS,Away,771859,Away,771861,successful
26256,26256,PASS,Away,771861,Away,771859,successful
26283,26283,PASS,Away,771859,Away,50992,successful
26306,26306,PASS,Away,50992,Away,51051,successful
26321,26321,PASS,Away,51051,Away,771856,unsuccessful
26429,26429,PASS,Home,795511,Home,795510,successful
26457,26457,PASS,Home,795510,Home,23930,successful
26491,26491,PASS,Home,23930,Home,808609,unsuccessful
26511,26511,PASS,Away,9520,Away,771857,successful
26530,26530,PASS,Away,771857,Away,771861,successful
26542,26542,PASS,Away,771861,Away,9520,successful
26566,26566,PASS,Away,9520,Away,771861,successful
26614,26614,PASS,Away,771861,Away,50992,successful
26657,26657,PASS,Away,50992,Away,51051,successful
26712,26712,PASS,Away,51051,Away,771856,unsuccessful
26768,26768,PASS,Away,771861,Away,50992,successful
26779,26779,PASS,Away,50992,Away,771861,successful
26797,26797,PASS,Away,771861,Away,9520,successful
26885,26885,PASS,Away,9520,Away,50992,successful
26914,26914,PASS,Away,50992,Away,9520,successful
26930,26930,PASS,Away,9520,Away,771861,successful
26952,26952,PASS,Away,771861,Away,9520,successful
26973,26973,PASS,Away,9520,Away,771861,successful
26988,26988,PASS,Away,771861,Away,9520,successful
27003,27003,PASS,Away,9520,Away,51681,successful
27014,27014,PASS,Away,51681,Away,771861,successful
27021,27021,PASS,Away,771861,Away,9520,successful
27047,27047,PASS,Away,9520,Away,771859,successful
27075,27075,PASS,Away,771859,Away,50992,successful
27094,27094,PASS,Away,50992,Away,771859,successful
27125,27125,PASS,Away,771859,Away,9520,successful
27159,27159,PASS,Away,9520,Away,771861,successful
27191,27191,PASS,Away,771861,Away,771856,unsuccessful
27253,27253,PASS,Away,51051,Away,771856,successful
27271,27271,PASS,Away,771856,Away,50992,successful
27288,27288,PASS,Away,50992,Away,51051,successful
27330,27330,PASS,Away,51051,Away,771861,successful
27363,27363,PASS,Away,771861,Away,9520,successful
27429,27429,PASS,Away,9520,Away,11891,successful
27456,27456,PASS,Away,11891,Away,50992,successful
27486,27486,PASS,Away,50992,Away,771861,successful
27510,27510,PASS,Away,771861,Away,51051,successful
27522,27522,PASS,Away,51051,Away,50992,successful
27549,27549,PASS,Away,50992,Away,771859,successful
27602,27602,PASS,Away,771859,Away,51681,unsuccessful
27627,27627,PASS,Home,23930,Home,10549,successful
27644,27644,PASS,Home,10549,Home,29856,successful
27716,27716,PASS,Away,795151,Away,771856,successful
27780,27780,PASS,Away,771856,Away,51051,successful
27833,27833,PASS,Home,10549,Home,29856,successful
27853,27853,PASS,Home,795508,Home,34423,successful
27882,27882,PASS,Away,771861,Away,771856,successful
27903,27903,PASS,Away,771856,Away,50992,successful
27921,27921,PASS,Away,50992,Away,771861,successful
27946,27946,PASS,Away,771861,Away,9520,successful
27970,27970,PASS,Away,9520,Away,50992,successful
27994,27994,PASS,Away,50992,Away,51051,successful
28019,28019,PASS,Away,51051,Away,104563,successful
28080,28080,PASS,Home,795511,Home,51039,unsuccessful
28479,28479,PASS,Away,51051,Away,104563,unsuccessful
28505,28505,PASS,Home,795508,Home,51668,unsuccessful
28513,28513,PASS,Away,771861,Away,771857,unsuccessful
28591,28591,PASS,Home,10549,Home,923862,successful
28610,28610,PASS,Home,923862,Home,808609,unsuccessful
29038,29038,PASS,Home,923862,Home,51668,successful
29438,29438,PASS,Home,10549,Home,29856,successful
29446,29446,PASS,Home,29856,Home,23930,successful
29469,29469,PASS,Home,23930,Home,10549,successful
29508,29508,PASS,Home,10549,Home,923862,successful
29541,29541,PASS,Home,923862,Home,795511,successful
29579,29579,PASS,Home,795511,Home,51039,successful
29623,29623,PASS,Home,51039,Home,795511,successful
29659,29659,PASS,Home,795511,Home,51668,unsuccessful
29690,29690,PASS,Away,50992,Away,51051,successful
29724,29724,PASS,Away,51051,Away,771861,successful
29739,29739,PASS,Away,771861,Away,771856,successful
29794,29794,PASS,Away,771856,Away,795151,unsuccessful
30205,30205,PASS,Home,795510,Home,,unsuccessful
30286,30286,PASS,Away,51051,Away,771857,successful
30312,30312,PASS,Away,771857,Away,11891,successful
30369,30369,PASS,Away,11891,Away,771856,successful
30585,30585,PASS,Home,795508,Home,51668,unsuccessful
30709,30709,PASS,Away,50992,Away,771859,successful
30747,30747,PASS,Away,771859,Away,771861,successful
30761,30761,PASS,Away,771861,Away,50992,successful
30785,30785,PASS,Away,50992,Away,,successful
30887,30887,PASS,Home,795508,Home,51039,successful
30932,30932,PASS,Away,771856,Away,51681,successful
31013,31013,PASS,Away,51681,Away,9520,successful
31046,31046,PASS,Away,9520,Away,51681,successful
31075,31075,PASS,Away,51681,Away,771861,unsuccessful
31119,31119,PASS,Away,104563,Away,51051,successful
31140,31140,PASS,Away,51051,Away,771856,successful
31162,31162,PASS,Away,771856,Away,51051,successful
31188,31188,PASS,Away,51051,Away,50992,successful
31211,31211,PASS,Away,50992,Away,771859,successful
31259,31259,PASS,Away,771859,Away,51051,successful
31302,31302,PASS,Away,51051,Away,50992,successful
31338,31338,PASS,Away,50992,Away,771856,unsuccessful
31423,31423,PASS,Home,51039,Home,795509,unsuccessful
31638,31638,PASS,Home,795511,Home,795509,unsuccessful
31672,31672,PASS,Away,9520,Away,51681,successful
31688,31688,PASS,Away,51681,Away,11891,successful
31713,31713,PASS,Away,11891,Away,50992,successful
31745,31745,PASS,Away,50992,Away,771856,successful
31759,31759,PASS,Away,771856,Away,104563,unsuccessful
31931,31931,PASS,Home,923862,Home,795511,successful
31958,31958,PASS,Home,795511,Home,795509,successful
31992,31992,PASS,Away,51681,Away,51051,successful
32016,32016,PASS,Away,51051,Away,771861,successful
32029,32029,PASS,Away,771861,Away,51051,unsuccessful
32035,32035,PASS,Home,795509,Home,51039,unsuccessful
32073,32073,PASS,Away,771856,Away,51051,successful
32284,32284,PASS,Away,50992,Away,771859,successful
32314,32314,PASS,Away,771859,Away,771861,successful
32325,32325,PASS,Away,771861,Away,50992,successful
32371,32371,PASS,Away,11891,Away,104563,unsuccessful
32422,32422,PASS,Away,771861,Away,771859,successful
32449,32449,PASS,Away,771859,Away,50992,successful
32492,32492,PASS,Away,50992,Away,771861,successful
32527,32527,PASS,Away,771861,Away,9520,successful
32555,32555,PASS,Away,9520,Away,11891,successful
32613,32613,PASS,Away,11891,Away,771857,unsuccessful
32898,32898,PASS,Home,795510,Home,795511,successful
32924,32924,PASS,Home,795511,Home,795510,successful
32948,32948,PASS,Home,795510,Home,23930,unsuccessful
32970,32970,PASS,Away,11891,Away,771857,successful
33080,33080,PASS,Home,23930,Home,34423,unsuccessful
33635,33635,PASS,Away,11891,Away,9520,unsuccessful
33752,33752,PASS,Home,923862,Home,795511,successful
33785,33785,PASS,Home,795511,Home,795508,successful
33806,33806,PASS,Home,795508,Home,34423,successful
33837,33837,PASS,Home,34423,Home,23930,successful
33877,33877,PASS,Home,23930,Home,34423,successful
33938,33938,PASS,Home,34423,Home,795508,successful
33975,33975,PASS,Home,795508,Home,795510,successful
34010,34010,PASS,Home,795510,Home,795509,successful
34923,34923,PASS,Away,11891,Away,51051,unsuccessful
35089,35089,PASS,Home,795510,Home,795511,successful
35129,35129,PASS,Home,795511,Home,795510,successful
35151,35151,PASS,Home,795510,Home,795509,successful
35161,35161,PASS,Home,795509,Home,34423,successful
35251,35251,PASS,Home,34423,Home,795511,successful
35285,35285,PASS,Home,795511,Home,795510,successful
35305,35305,PASS,Home,795510,Home,34423,successful
35357,35357,PASS,Home,34423,Home,23930,successful
35402,35402,PASS,Home,23930,Home,10549,successful
35430,35430,PASS,Home,10549,Home,795510,successful
35460,35460,PASS,Home,795510,Home,795509,successful
36055,36055,PASS,Home,29856,Home,10549,successful
36073,36073,PASS,Home,10549,Home,51668,unsuccessful
36405,36405,PASS,Home,10549,Home,795510,successful
36431,36431,PASS,Home,795510,Home,34423,successful
36477,36477,PASS,Home,34423,Home,23930,successful
36528,36528,PASS,Home,23930,Home,795515,successful
36541,36541,PASS,Home,795515,Home,29856,unsuccessful
36557,36557,PASS,Away,9520,Away,795151,unsuccessful
36673,36673,PASS,Home,795508,Home,795511,successful
36699,36699,PASS,Home,795511,Home,34423,successful
36929,36929,PASS,Home,795511,Home,795510,successful
36957,36957,PASS,Home,795510,Home,795511,successful
36985,36985,PASS,Home,795511,Home,34423,successful
37025,37025,PASS,Home,34423,Home,795511,successful
37054,37054,PASS,Home,795511,Home,795510,successful
37084,37084,PASS,Home,795510,Home,23930,successful
37120,37120,PASS,Home,23930,Home,10549,successful
37153,37153,PASS,Home,10549,Home,51668,successful
37182,37182,PASS,Away,50992,Away,771861,successful
37208,37208,PASS,Away,771861,Away,11891,successful
37215,37215,PASS,Away,11891,Away,9520,successful
37241,37241,PASS,Away,9520,Away,11891,successful
37274,37274,PASS,Away,11891,Away,9520,successful
37306,37306,PASS,Away,9520,Away,771859,successful
37324,37324,PASS,Away,771859,Away,50992,successful
37351,37351,PASS,Away,50992,Away,771856,offside
38340,38340,PASS,Home,795508,Home,795510,successful
38384,38384,PASS,Home,795510,Home,795509,successful
38420,38420,PASS,Home,795509,Home,23930,successful
38467,38467,PASS,Home,23930,Home,29856,successful
38484,38484,PASS,Home,29856,Home,23930,successful
38518,38518,PASS,Home,23930,Home,29856,successful
38529,38529,PASS,Home,29856,Home,795515,successful
38533,38533,PASS,Home,795515,Home,23930,successful
38560,38560,PASS,Home,23930,Home,51668,unsuccessful
38672,38672,PASS,Home,51668,Home,795515,successful
38719,38719,PASS,Home,795511,Home,795509,unsuccessful
39029,39029,PASS,Away,771859,Away,9520,successful
39054,39054,PASS,Away,9520,Away,104563,successful
39069,39069,PASS,Away,104563,Away,11891,successful
39087,39087,PASS,Away,11891,Away,104563,successful
39108,39108,PASS,Away,104563,Away,,unsuccessful
39315,39315,PASS,Home,10549,Home,23930,unsuccessful
39552,39552,PASS,Away,51681,Away,11891,successful
39571,39571,PASS,Away,11891,Away,9520,successful
39590,39590,PASS,Away,9520,Away,771859,successful
39617,39617,PASS,Away,771859,Away,51051,successful
39692,39692,PASS,Home,795509,Home,,unsuccessful
39702,39702,PASS,Away,51051,Away,771856,successful
39846,39846,PASS,Home,795511,Home,795510,successful
39897,39897,PASS,Home,795510,Home,34423,successful
39960,39960,PASS,Home,34423,Home,795508,successful
39971,39971,PASS,Home,795508,Home,795510,successful
40010,40010,PASS,Home,795510,Home,795511,successful
40027,40027,PASS,Home,795511,Home,795508,successful
40057,40057,PASS,Home,795508,Home,29856,successful
40095,40095,PASS,Home,29856,Home,795510,successful
40140,40140,PASS,Home,795510,Home,29856,successful
40173,40173,PASS,Home,29856,Home,795511,successful
40199,40199,PASS,Home,795511,Home,795510,successful
40229,40229,PASS,Home,795510,Home,23930,successful
40264,40264,PASS,Home,23930,Home,795515,successful
40284,40284,PASS,Home,795515,Home,23930,successful
40295,40295,PASS,Home,23930,Home,29856,unsuccessful
40310,40310,PASS,Away,771861,Away,104563,unsuccessful
40325,40325,PASS,Home,29856,Home,10549,successful
40349,40349,PASS,Home,10549,Home,795509,unsuccessful
40364,40364,PASS,Home,795508,Home,795511,successful
40447,40447,PASS,Home,795511,Home,795509,successful
40497,40497,PASS,Home,795509,Home,51668,successful
40513,40513,PASS,Away,11891,Away,771857,successful
40545,40545,PASS,Away,771857,Away,771856,successful
40586,40586,PASS,Home,795511,Home,51668,successful
41118,41118,PASS,Home,795510,Home,795509,successful
41152,41152,PASS,Home,795509,Home,34423,unsuccessful
41380,41380,PASS,Away,795151,Away,104563,successful
41577,41577,PASS,Home,34423,Home,795509,successful
42970,42970,PASS,Away,51681,Away,9520,successful
42998,42998,PASS,Away,9520,Away,771856,successful
43146,43146,PASS,Home,795511,Home,51668,unsuccessful
43493,43493,PASS,Away,771859,Away,50992,successful
43521,43521,PASS,Away,50992,Away,,successful
43567,43567,PASS,Home,795508,Home,795515,unsuccessful
43585,43585,PASS,Away,771861,Away,771856,successful
43604,43604,PASS,Away,771856,Away,51681,successful
43634,43634,PASS,Away,51681,Away,104563,successful
43642,43642,PASS,Away,104563,Away,771856,successful
43665,43665,PASS,Away,771856,Away,51681,successful
43682,43682,PASS,Away,51681,Away,771861,successful
43708,43708,PASS,Away,771861,Away,9520,successful
43737,43737,PASS,Away,9520,Away,11891,successful
44203,44203,PASS,Home,51668,Home,34423,unsuccessful
44234,44234,PASS,Away,771857,Away,11891,successful
44247,44247,PASS,Away,11891,Away,771859,successful
44283,44283,PASS,Away,771859,Away,771857,successful
44316,44316,PASS,Away,771857,Away,771861,successful
44337,44337,PASS,Away,771861,Away,771857,successful
44349,44349,PASS,Away,771857,Away,771861,unsuccessful
44376,44376,PASS,Home,10549,Home,29856,successful
44393,44393,PASS,Home,29856,Home,795511,successful
44416,44416,PASS,Home,795511,Home,795508,successful
44428,44428,PASS,Home,795508,Home,34423,successful
44450,44450,PASS,Home,34423,Home,795511,successful
44472,44472,PASS,Home,795511,Home,795510,successful
44506,44506,PASS,Home,795510,Home,23930,successful
44530,44530,PASS,Home,23930,Home,,unsuccessful
44544,44544,PASS,Away,9520,Away,771857,successful
44559,44559,PASS,Away,771857,Away,9520,successful
44573,44573,PASS,Away,9520,Away,11891,successful
44588,44588,PASS,Away,11891,Away,771861,successful
44634,44634,PASS,Away,771861,Away,51681,successful
44672,44672,PASS,Away,51681,Away,771857,successful
44721,44721,PASS,Home,10549,Home,29856,successful
44728,44728,PASS,Home,29856,Home,23930,successful
44755,44755,PASS,Home,23930,Home,51668,successful
44823,44823,PASS,Home,51668,Home,795508,successful
44844,44844,PASS,Home,795508,Home,795509,successful
44877,44877,PASS,Home,795509,Home,29856,successful
44904,44904,PASS,Home,29856,Home,23930,successful
44934,44934,PASS,Home,23930,Home,10549,successful
44958,44958,PASS,Home,10549,Home,23930,successful
44985,44985,PASS,Home,23930,Home,795515,successful
45003,45003,PASS,Away,51051,Away,104563,unsuccessful
45233,45233,PASS,Away,11891,Away,771861,successful
45269,45269,PASS,Away,771861,Away,771856,unsuccessful
45300,45300,PASS,Home,34423,Home,923862,successful
45322,45322,PASS,Home,923862,Home,51668,unsuccessful
45359,45359,PASS,Away,771861,Away,51681,successful
45387,45387,PASS,Home,29856,Home,795508,successful
45399,45399,PASS,Home,795508,Home,795515,successful
45413,45413,PASS,Home,795515,Home,51668,successful
45448,45448,PASS,Away,104563,Away,771856,successful
45464,45464,PASS,Away,771856,Away,51051,successful
45508,45508,PASS,Away,51051,Away,50992,successful
45531,45531,PASS,Away,50992,Away,9520,successful
45558,45558,PASS,Away,9520,Away,771861,successful
45593,45593,PASS,Away,771861,Away,771857,unsuccessful
45631,45631,PASS,Home,10549,Home,923862,successful
45644,45644,PASS,Home,923862,Home,795515,unsuccessful
45680,45680,PASS,Away,50992,Away,771856,unsuccessful
46487,46487,PASS,Home,795508,Home,51668,successful
47048,47048,PASS,Away,771859,Away,114464,successful
47073,47073,PASS,Away,114464,Away,51051,successful
47093,47093,PASS,Away,51051,Away,771856,unsuccessful
47539,47539,PASS,Away,114464,Away,104563,successful
47551,47551,PASS,Away,104563,Away,51051,unsuccessful
47643,47643,PASS,Home,795509,Home,330380,successful
47681,47681,PASS,Home,330380,Home,29856,successful
47699,47699,PASS,Home,29856,Home,23930,successful
47727,47727,PASS,Home,23930,Home,795515,successful
48941,48941,PASS,Home,795510,Home,51668,unsuccessful
48994,48994,PASS,Home,795509,Home,51668,unsuccessful
49017,49017,PASS,Away,114464,Away,771859,successful
49060,49060,PASS,Away,771859,Away,11891,unsuccessful
49107,49107,PASS,Home,330380,Home,795515,unsuccessful
49167,49167,PASS,Away,9520,Away,963054,successful
49185,49185,PASS,Away,963054,Away,51681,successful
49541,49541,PASS,Home,795510,Home,795509,unsuccessful
49852,49852,PASS,Away,114464,Away,795151,unsuccessful
49860,49860,PASS,Home,330380,Home,,unsuccessful
49978,49978,PASS,Away,11891,Away,51051,unsuccessful
49998,49998,PASS,Home,34423,Home,23930,unsuccessful
50590,50590,PASS,Away,9520,Away,963054,unsuccessful
50618,50618,PASS,Home,29856,Home,23930,successful
50647,50647,PASS,Home,23930,Home,795515,successful
50682,50682,PASS,Home,795515,Home,23930,successful
50694,50694,PASS,Home,23930,Home,795515,unsuccessful
50725,50725,PASS,Away,50992,Away,104563,successful
50784,50784,PASS,Away,104563,Away,51051,successful
50818,50818,PASS,Away,51051,Away,114464,successful
50850,50850,PASS,Away,114464,Away,771859,successful
50875,50875,PASS,Away,771859,Away,9520,successful
50900,50900,PASS,Away,9520,Away,50992,successful
50920,50920,PASS,Away,50992,Away,771859,successful
50942,50942,PASS,Away,771859,Away,114464,successful
50982,50982,PASS,Away,114464,Away,795151,unsuccessful
51074,51074,PASS,Home,795511,Home,34423,successful
51146,51146,PASS,Home,34423,Home,795509,successful
51160,51160,PASS,Home,795509,Home,795510,successful
51190,51190,PASS,Home,795510,Home,330380,successful
51215,51215,PASS,Home,330380,Home,23930,successful
51231,51231,PASS,Home,23930,Home,795515,unsuccessful
51307,51307,PASS,Away,11891,Away,9520,successful
51326,51326,PASS,Away,9520,Away,50992,successful
51345,51345,PASS,Away,50992,Away,963054,successful
51375,51375,PASS,Away,963054,Away,795151,unsuccessful
51717,51717,PASS,Away,11891,Away,963054,successful
51730,51730,PASS,Away,963054,Away,50992,successful
51750,51750,PASS,Away,50992,Away,11891,successful
51765,51765,PASS,Away,11891,Away,9520,successful
51799,51799,PASS,Away,9520,Away,771859,successful
51832,51832,PASS,Away,771859,Away,114464,successful
51864,51864,PASS,Away,114464,Away,771859,successful
51899,51899,PASS,Away,771859,Away,9520,successful
51919,51919,PASS,Away,9520,Away,771859,successful
51934,51934,PASS,Away,771859,Away,795151,successful
51980,51980,PASS,Home,330380,Home,923862,successful
52047,52047,PASS,Home,923862,Home,795515,offside
52440,52440,PASS,Away,50992,Away,114464,successful
52463,52463,PASS,Away,114464,Away,9520,successful
52487,52487,PASS,Away,9520,Away,50992,successful
52520,52520,PASS,Away,50992,Away,51681,successful
52582,52582,PASS,Away,51681,Away,11891,successful
52597,52597,PASS,Away,11891,Away,50992,successful
52642,52642,PASS,Away,50992,Away,51051,successful
52678,52678,PASS,Away,51051,Away,114464,successful
52709,52709,PASS,Away,114464,Away,771859,successful
52740,52740,PASS,Away,771859,Away,9520,successful
52843,52843,PASS,Away,9520,Away,51681,successful
52869,52869,PASS,Away,51681,Away,50992,successful
52879,52879,PASS,Away,50992,Away,9520,successful
52932,52932,PASS,Away,9520,Away,50992,successful
52944,52944,PASS,Away,50992,Away,104563,successful
53412,53412,PASS,Away,9520,Away,51681,successful
53450,53450,PASS,Home,23930,Home,923864,successful
53680,53680,PASS,Home,330380,Home,795510,successful
53710,53710,PASS,Home,795510,Home,795511,successful
53738,53738,PASS,Home,795511,Home,795510,successful
53801,53801,PASS,Home,795510,Home,23930,unsuccessful
53836,53836,PASS,Home,23930,Home,330380,successful
53846,53846,PASS,Home,330380,Home,23930,unsuccessful
54300,54300,PASS,Away,9520,Away,50992,successful
54313,54313,PASS,Away,50992,Away,11891,successful
54333,54333,PASS,Away,11891,Away,963054,successful
54356,54356,PASS,Away,963054,Away,9520,successful
54368,54368,PASS,Away,9520,Away,963054,successful
54414,54414,PASS,Away,104563,Away,11891,successful
54462,54462,PASS,Away,11891,Away,51681,unsuccessful
54936,54936,PASS,Away,11891,Away,771859,successful
54988,54988,PASS,Away,771859,Away,114464,successful
55035,55035,PASS,Away,114464,Away,771859,successful
55070,55070,PASS,Away,771859,Away,9520,successful
55103,55103,PASS,Away,9520,Away,771859,successful
55128,55128,PASS,Away,771859,Away,114464,successful
55167,55167,PASS,Away,114464,Away,972981,successful
55198,55198,PASS,Away,972981,Away,51681,successful
55221,55221,PASS,Away,51681,Away,771856,successful
55278,55278,PASS,Away,104563,Away,972981,unsuccessful
55284,55284,PASS,Home,795511,Home,29856,unsuccessful
55299,55299,PASS,Away,771856,Away,51681,successful
55597,55597,PASS,Home,795510,Home,795515,unsuccessful
55626,55626,PASS,Away,114464,Away,963054,unsuccessful
55692,55692,PASS,Away,963054,Away,11891,successful
55746,55746,PASS,Away,11891,Away,104563,successful
55827,55827,PASS,Away,104563,Away,50992,successful
55850,55850,PASS,Away,50992,Away,51051,successful
55878,55878,PASS,Away,51051,Away,771856,successful
55914,55914,PASS,Away,771856,Away,114464,successful
55940,55940,PASS,Away,114464,Away,771856,successful
56007,56007,PASS,Away,51051,Away,114464,successful
56038,56038,PASS,Away,114464,Away,51051,successful
56073,56073,PASS,Away,51051,Away,50992,successful
56116,56116,PASS,Away,104563,Away,11891,successful
56145,56145,PASS,Away,11891,Away,963054,successful
56190,56190,PASS,Away,963054,Away,50992,successful
56209,56209,PASS,Away,50992,Away,104563,successful
56243,56243,PASS,Away,104563,Away,771856,successful
56364,56364,PASS,Away,114464,Away,51051,successful
56383,56383,PASS,Away,51051,Away,771856,successful
56425,56425,PASS,Away,771856,Away,9520,successful
56458,56458,PASS,Away,9520,Away,114464,successful
56484,56484,PASS,Away,114464,Away,51051,successful
56505,56505,PASS,Away,51051,Away,771856,unsuccessful
56593,56593,PASS,Away,114464,Away,771859,successful
56666,56666,PASS,Away,771859,Away,11891,successful
56702,56702,PASS,Away,11891,Away,972981,unsuccessful
56845,56845,PASS,Away,11891,Away,50992,successful
56861,56861,PASS,Away,50992,Away,104563,successful
56885,56885,PASS,Away,104563,Away,11891,successful
56900,56900,PASS,Away,11891,Away,963054,unsuccessful
57018,57018,PASS,Away,104563,Away,771856,unsuccessful
57262,57262,PASS,Away,51051,Away,104563,successful
57283,57283,PASS,Away,104563,Away,11891,successful
57312,57312,PASS,Away,11891,Away,9520,successful
57330,57330,PASS,Away,9520,Away,114464,successful
57350,57350,PASS,Away,114464,Away,771859,successful
57376,57376,PASS,Away,771859,Away,11891,successful
57621,57621,PASS,Away,51051,Away,114464,successful
57651,57651,PASS,Away,114464,Away,9520,successful
57677,57677,PASS,Away,9520,Away,771859,successful
57751,57751,PASS,Away,771859,Away,114464,successful
57803,57803,PASS,Away,114464,Away,50992,successful
57833,57833,PASS,Away,50992,Away,9520,successful
57863,57863,PASS,Away,9520,Away,963054,successful
57890,57890,PASS,Away,963054,Away,11891,unsuccessful
57936,57936,PASS,Away,11891,Away,972981,unsuccessful
57961,57961,PASS,Home,795510,Home,23930,unsuccessful
58470,58470,PASS,Away,50992,Away,972981,successful
58481,58481,PASS,Away,972981,Away,50992,successful
58493,58493,PASS,Away,50992,Away,51051,successful
58525,58525,PASS,Away,51051,Away,114464,unsuccessful
58550,58550,PASS,Home,34423,Home,330380,unsuccessful
