file,slot,mean_x,mean_y,std_x,std_y,rank_std
skillcorner_match1886347_dynamic_train_attacker_centric.npz,0,47.31951141357422,41.11970520019531,24.678173065185547,18.797163009643555,2.1095312166701734
skillcorner_match1886347_dynamic_train_attacker_centric.npz,1,57.92304611206055,26.401491165161133,23.2142276763916,15.421172142028809,2.076994267318702
skillcorner_match1886347_dynamic_train_attacker_centric.npz,2,52.73402404785156,22.659427642822266,22.270475387573242,14.666389465332031,1.7497045444458525
skillcorner_match1886347_dynamic_train_attacker_centric.npz,3,38.49428176879883,38.18207550048828,29.004432678222656,12.773874282836914,2.9441876687182815
skillcorner_match1886347_dynamic_train_attacker_centric.npz,4,25.041606903076172,36.182640075683594,16.299768447875977,8.589369773864746,1.328670455802925
skillcorner_match1886347_dynamic_train_attacker_centric.npz,5,49.9493293762207,42.89006042480469,21.266408920288086,14.414468765258789,3.029763086167453
skillcorner_match1886347_dynamic_train_attacker_centric.npz,6,59.47551727294922,32.882530212402344,23.029733657836914,13.380936622619629,2.6358584939322256
skillcorner_match1886347_dynamic_train_attacker_centric.npz,7,54.77717590332031,42.97410583496094,25.582969665527344,15.916825294494629,2.8468030760999397
skillcorner_match1886347_dynamic_train_attacker_centric.npz,8,50.708534240722656,27.169069290161133,20.482990264892578,13.49439811706543,3.3933831173427014
skillcorner_match1886347_dynamic_train_attacker_centric.npz,9,56.46458435058594,29.002241134643555,20.180213928222656,18.94223976135254,2.4365781228671763
skillcorner_match1886347_dynamic_train_attacker_centric.npz,10,66.41293334960938,41.68924331665039,17.481470108032227,13.985142707824707,1.9724085892210201
skillcorner_match1899585_dynamic_train_attacker_centric.npz,0,59.985504150390625,42.331336975097656,22.28133201599121,17.335205078125,2.711140862312653
skillcorner_match1899585_dynamic_train_attacker_centric.npz,1,65.6044921875,33.71095657348633,22.285385131835938,19.53310203552246,1.566387460942884
skillcorner_match1899585_dynamic_train_attacker_centric.npz,2,58.872493743896484,32.538570404052734,21.404340744018555,14.167724609375,2.2497705038590223
skillcorner_match1899585_dynamic_train_attacker_centric.npz,3,38.0849609375,37.485836029052734,27.94477081298828,11.699196815490723,3.008050430199695
skillcorner_match1899585_dynamic_train_attacker_centric.npz,4,26.868896484375,37.451839447021484,19.491092681884766,7.942320823669434,1.6537869365547455
skillcorner_match1899585_dynamic_train_attacker_centric.npz,5,46.97964859008789,38.62672424316406,21.297218322753906,11.985320091247559,1.9300880594202434
skillcorner_match1899585_dynamic_train_attacker_centric.npz,6,69.03965759277344,33.30316162109375,20.05548858642578,15.810511589050293,1.455547808375736
skillcorner_match1899585_dynamic_train_attacker_centric.npz,7,51.579986572265625,33.2774658203125,23.425962448120117,21.767494201660156,2.006549625968475
skillcorner_match1899585_dynamic_train_attacker_centric.npz,8,58.82273864746094,34.6211051940918,22.30463409423828,15.911584854125977,2.573894457296865
skillcorner_match1899585_dynamic_train_attacker_centric.npz,9,42.70083236694336,27.947416305541992,22.60545539855957,10.654272079467773,1.7096159686401093
skillcorner_match1899585_dynamic_train_attacker_centric.npz,10,56.83485794067383,30.11363983154297,25.11479949951172,18.080307006835938,2.6971264358092775
skillcorner_match1925299_dynamic_train_attacker_centric.npz,0,50.02437210083008,24.78365135192871,20.310720443725586,13.993134498596191,1.4507516289945461
skillcorner_match1925299_dynamic_train_attacker_centric.npz,1,30.261899948120117,40.85314178466797,20.376325607299805,12.310652732849121,2.6183173966501467
skillcorner_match1925299_dynamic_train_attacker_centric.npz,2,53.37025451660156,35.17804718017578,20.247404098510742,14.264992713928223,1.4153197074672978
skillcorner_match1925299_dynamic_train_attacker_centric.npz,3,58.35442352294922,22.283153533935547,22.052921295166016,15.80383014678955,2.9051409272615483
skillcorner_match1925299_dynamic_train_attacker_centric.npz,4,30.390844345092773,39.510108947753906,21.10801887512207,9.819463729858398,1.1552885357468612
skillcorner_match1925299_dynamic_train_attacker_centric.npz,5,64.34017944335938,27.35872459411621,19.829910278320312,14.576541900634766,1.545127232395489
skillcorner_match1925299_dynamic_train_attacker_centric.npz,6,48.052757263183594,47.231754302978516,21.988792419433594,13.109758377075195,2.196410480680274
skillcorner_match1925299_dynamic_train_attacker_centric.npz,7,59.14205551147461,33.58229446411133,21.80343246459961,16.149539947509766,1.9020873031104877
skillcorner_match1925299_dynamic_train_attacker_centric.npz,8,57.04195785522461,30.824310302734375,25.784448623657227,11.273019790649414,3.9752524580308948
skillcorner_match1925299_dynamic_train_attacker_centric.npz,9,63.929710388183594,31.65976333618164,21.100902557373047,16.88167953491211,1.8100974972997212
skillcorner_match1925299_dynamic_train_attacker_centric.npz,10,49.5086555480957,35.17362976074219,21.494461059570312,16.231197357177734,3.4705119885939943
skillcorner_match1953632_dynamic_train_attacker_centric.npz,0,52.55851364135742,26.53070831298828,23.07592010498047,11.91835880279541,2.111411221061563
skillcorner_match1953632_dynamic_train_attacker_centric.npz,1,50.28518295288086,38.222679138183594,19.06319808959961,21.966474533081055,2.0601164338294162
skillcorner_match1953632_dynamic_train_attacker_centric.npz,2,60.49583435058594,18.417863845825195,20.95977210998535,13.401182174682617,2.0201468357822208
skillcorner_match1953632_dynamic_train_attacker_centric.npz,3,47.13999938964844,34.209922790527344,19.916166305541992,16.247295379638672,2.8531521878797452
skillcorner_match1953632_dynamic_train_attacker_centric.npz,4,51.10006332397461,24.81053352355957,19.8902587890625,20.421451568603516,2.170474900642477
skillcorner_match1953632_dynamic_train_attacker_centric.npz,5,62.54237747192383,40.760013580322266,18.178680419921875,12.107355117797852,1.994837344477726
skillcorner_match1953632_dynamic_train_attacker_centric.npz,6,55.68373107910156,44.679603576660156,22.17828941345215,15.777788162231445,2.6887765406539255
skillcorner_match1953632_dynamic_train_attacker_centric.npz,7,23.889074325561523,33.818973541259766,14.538779258728027,7.062960624694824,1.273744224657215
skillcorner_match1953632_dynamic_train_attacker_centric.npz,8,47.739501953125,41.41697311401367,22.57341957092285,14.05630111694336,2.203223290288348
skillcorner_match1953632_dynamic_train_attacker_centric.npz,9,64.8631820678711,35.09241485595703,19.010793685913086,13.379243850708008,1.5310736117806356
skillcorner_match1953632_dynamic_train_attacker_centric.npz,10,31.978755950927734,40.158756256103516,23.36405372619629,9.674570083618164,1.8510960544728823
skillcorner_match1996435_dynamic_train_attacker_centric.npz,0,44.34628677368164,27.647302627563477,23.56353187561035,12.73077392578125,2.037650050858986
skillcorner_match1996435_dynamic_train_attacker_centric.npz,1,64.6278305053711,32.39667892456055,20.200950622558594,14.447505950927734,1.827444439845268
skillcorner_match1996435_dynamic_train_attacker_centric.npz,2,57.18408966064453,24.88547706604004,22.546052932739258,12.25157356262207,2.441043469087924
skillcorner_match1996435_dynamic_train_attacker_centric.npz,3,62.428871154785156,38.902587890625,21.053829193115234,15.373239517211914,1.4268360005058167
skillcorner_match1996435_dynamic_train_attacker_centric.npz,4,51.15939712524414,21.99820899963379,21.20716094970703,17.710500717163086,2.2586485530471254
skillcorner_match1996435_dynamic_train_attacker_centric.npz,5,55.692901611328125,47.90073776245117,23.08395767211914,15.041385650634766,2.1964002082740968
skillcorner_match1996435_dynamic_train_attacker_centric.npz,6,62.08472442626953,31.253061294555664,21.155672073364258,14.580525398254395,2.1547272732093026
skillcorner_match1996435_dynamic_train_attacker_centric.npz,7,44.72932815551758,33.006080627441406,22.466474533081055,12.855569839477539,2.054662429293741
skillcorner_match1996435_dynamic_train_attacker_centric.npz,8,36.11159133911133,24.549474716186523,26.685407638549805,13.658173561096191,3.2335942849297723
skillcorner_match1996435_dynamic_train_attacker_centric.npz,9,26.88494110107422,35.81808853149414,20.0220890045166,8.507368087768555,1.6154717415116202
skillcorner_match1996435_dynamic_train_attacker_centric.npz,10,42.820064544677734,45.44966506958008,22.21491241455078,12.569064140319824,1.8325996337192352
skillcorner_match2006229_dynamic_train_attacker_centric.npz,0,50.1784553527832,26.848447799682617,20.154638290405273,17.135208129882812,2.032767061715263
skillcorner_match2006229_dynamic_train_attacker_centric.npz,1,47.43474197387695,27.857885360717773,19.970151901245117,12.166216850280762,2.689629128453034
skillcorner_match2006229_dynamic_train_attacker_centric.npz,2,36.11124038696289,45.23217010498047,23.91722869873047,13.084983825683594,2.268886576170408
skillcorner_match2006229_dynamic_train_attacker_centric.npz,3,65.78770446777344,24.71824073791504,17.35553550720215,16.972942352294922,1.6763630878552502
skillcorner_match2006229_dynamic_train_attacker_centric.npz,4,58.67698287963867,30.49245834350586,24.28580093383789,12.176417350769043,3.4558034936056687
skillcorner_match2006229_dynamic_train_attacker_centric.npz,5,58.3725700378418,47.290992736816406,20.782230377197266,13.656901359558105,2.122574103120869
skillcorner_match2006229_dynamic_train_attacker_centric.npz,6,50.6989860534668,36.66628646850586,19.296045303344727,14.077983856201172,1.646521822333824
skillcorner_match2006229_dynamic_train_attacker_centric.npz,7,61.46072769165039,28.5954532623291,19.763769149780273,13.0579252243042,1.8515290381041252
skillcorner_match2006229_dynamic_train_attacker_centric.npz,8,27.284805297851562,35.27096939086914,18.21965980529785,7.782260417938232,1.698634908561803
skillcorner_match2006229_dynamic_train_attacker_centric.npz,9,52.71550369262695,46.657230377197266,20.883460998535156,11.306076049804688,3.508893833826461
skillcorner_match2006229_dynamic_train_attacker_centric.npz,10,61.28337860107422,31.736865997314453,21.899986267089844,24.642967224121094,2.3183079470937464
skillcorner_match2011166_dynamic_train_attacker_centric.npz,0,64.86322021484375,35.401546478271484,21.876998901367188,15.532843589782715,2.0681389930645846
skillcorner_match2011166_dynamic_train_attacker_centric.npz,1,59.78913879394531,30.986839294433594,23.16374969482422,17.858110427856445,2.6517144980541243
skillcorner_match2011166_dynamic_train_attacker_centric.npz,2,58.303131103515625,34.47893142700195,21.10727882385254,15.380918502807617,2.5213339864321487
skillcorner_match2011166_dynamic_train_attacker_centric.npz,3,37.460487365722656,34.687984466552734,25.75119972229004,11.38408088684082,2.6083701904305006
skillcorner_match2011166_dynamic_train_attacker_centric.npz,4,56.6339225769043,37.75492477416992,27.15748405456543,12.7393159866333,3.8634196749984926
skillcorner_match2011166_dynamic_train_attacker_centric.npz,5,57.55070114135742,41.81038284301758,23.77694320678711,16.30608558654785,2.2338702595648705
skillcorner_match2011166_dynamic_train_attacker_centric.npz,6,53.592063903808594,17.205833435058594,24.046749114990234,12.237446784973145,2.0925134512181134
skillcorner_match2011166_dynamic_train_attacker_centric.npz,7,47.340972900390625,47.70891189575195,23.796838760375977,12.984773635864258,2.3950976170049336
skillcorner_match2011166_dynamic_train_attacker_centric.npz,8,26.748781204223633,31.46749496459961,20.67462921142578,9.252274513244629,1.752736911892037
skillcorner_match2011166_dynamic_train_attacker_centric.npz,9,54.008522033691406,47.00084686279297,23.191028594970703,14.519707679748535,2.2817274400991394
skillcorner_match2011166_dynamic_train_attacker_centric.npz,10,54.6494026184082,27.264541625976562,23.852724075317383,13.898191452026367,3.1699997537157696
skillcorner_match2013725_dynamic_train_attacker_centric.npz,0,41.197872161865234,35.17925262451172,29.43317985534668,10.004124641418457,4.29963954911382
skillcorner_match2013725_dynamic_train_attacker_centric.npz,1,51.89826965332031,33.34335708618164,25.311279296875,14.355573654174805,3.7797291131923156
skillcorner_match2013725_dynamic_train_attacker_centric.npz,2,48.73704147338867,52.17810821533203,22.94245719909668,13.57510757446289,2.1541865645121083
skillcorner_match2013725_dynamic_train_attacker_centric.npz,3,63.11827087402344,36.36994171142578,20.26946449279785,19.74327278137207,1.4848976216852006
skillcorner_match2013725_dynamic_train_attacker_centric.npz,4,47.029117584228516,35.286842346191406,23.273950576782227,19.421998977661133,2.1008259601018207
skillcorner_match2013725_dynamic_train_attacker_centric.npz,5,50.21406936645508,40.33805465698242,22.45048713684082,15.454002380371094,1.533416475885246
skillcorner_match2013725_dynamic_train_attacker_centric.npz,6,52.119930267333984,35.927738189697266,24.222505569458008,13.064348220825195,3.736285041320109
skillcorner_match2013725_dynamic_train_attacker_centric.npz,7,51.9349250793457,24.004594802856445,22.708377838134766,13.708065032958984,1.9278287185290857
skillcorner_match2013725_dynamic_train_attacker_centric.npz,8,50.986507415771484,27.10870933532715,23.0474796295166,13.604310989379883,2.704580133199978
skillcorner_match2013725_dynamic_train_attacker_centric.npz,9,58.04704284667969,33.53801345825195,21.60624122619629,13.845341682434082,2.512123282713493
skillcorner_match2013725_dynamic_train_attacker_centric.npz,10,26.243608474731445,38.43954086303711,19.899564743041992,9.279117584228516,1.561481186199945
skillcorner_match2015213_dynamic_train_attacker_centric.npz,0,34.44953918457031,44.92654800415039,24.190855026245117,13.510990142822266,3.209530285864993
skillcorner_match2015213_dynamic_train_attacker_centric.npz,1,48.93012619018555,23.17560577392578,22.736783981323242,14.121099472045898,3.267613413425125
skillcorner_match2015213_dynamic_train_attacker_centric.npz,2,47.237335205078125,41.38365173339844,19.03493309020996,17.58153533935547,1.4095015369656083
skillcorner_match2015213_dynamic_train_attacker_centric.npz,3,64.27550506591797,28.596101760864258,17.03731918334961,16.07941436767578,1.271368950319431
skillcorner_match2015213_dynamic_train_attacker_centric.npz,4,46.178993225097656,28.644128799438477,18.463871002197266,17.90030288696289,1.737171076375827
skillcorner_match2015213_dynamic_train_attacker_centric.npz,5,29.718860626220703,35.289894104003906,21.196016311645508,11.130766868591309,2.428761168449753
skillcorner_match2015213_dynamic_train_attacker_centric.npz,6,50.459373474121094,38.749691009521484,22.16227149963379,12.848984718322754,3.768217364859484
skillcorner_match2015213_dynamic_train_attacker_centric.npz,7,55.838809967041016,32.759334564208984,18.84320068359375,14.30780029296875,2.2322539461528033
skillcorner_match2015213_dynamic_train_attacker_centric.npz,8,51.89133071899414,36.664283752441406,19.81966781616211,19.73893165588379,2.3245645927684375
skillcorner_match2015213_dynamic_train_attacker_centric.npz,9,50.07012176513672,31.356367111206055,21.49628448486328,15.29131031036377,3.660867215093449
skillcorner_match2015213_dynamic_train_attacker_centric.npz,10,47.30759811401367,38.18910598754883,21.570772171020508,19.104286193847656,2.8251805830166683
skillcorner_match2017461_dynamic_train_attacker_centric.npz,0,59.138614654541016,39.93849563598633,21.923540115356445,17.3680477142334,2.3030187356710763
skillcorner_match2017461_dynamic_train_attacker_centric.npz,1,63.918006896972656,27.11435890197754,21.983400344848633,15.473254203796387,2.2067052433177943
skillcorner_match2017461_dynamic_train_attacker_centric.npz,2,54.44866180419922,32.430877685546875,21.371952056884766,14.337213516235352,1.509283276779737
skillcorner_match2017461_dynamic_train_attacker_centric.npz,3,51.706783294677734,38.861209869384766,19.374975204467773,14.694271087646484,1.586967607456054
skillcorner_match2017461_dynamic_train_attacker_centric.npz,4,47.005306243896484,35.634727478027344,29.773059844970703,11.725385665893555,4.506226566583508
skillcorner_match2017461_dynamic_train_attacker_centric.npz,5,55.4704475402832,42.06635284423828,23.437759399414062,15.28586196899414,2.99433582598543
skillcorner_match2017461_dynamic_train_attacker_centric.npz,6,52.393577575683594,30.43775749206543,23.424840927124023,12.68526554107666,3.5225350194545966
skillcorner_match2017461_dynamic_train_attacker_centric.npz,7,29.451204299926758,27.336212158203125,21.889896392822266,12.220429420471191,2.2939572962638506
skillcorner_match2017461_dynamic_train_attacker_centric.npz,8,42.52924728393555,36.27010726928711,20.47311019897461,14.099900245666504,1.6968194510784476
skillcorner_match2017461_dynamic_train_attacker_centric.npz,9,55.20195007324219,28.08674430847168,22.17397117614746,17.407127380371094,2.5260478070631947
skillcorner_match2017461_dynamic_train_attacker_centric.npz,10,60.34278106689453,47.460548400878906,22.72728729248047,13.8978271484375,2.539188771556897
