start_frame,end_frame,type,from_team,from_player,to_team,to_player,duration_frames
2515,2524,PASS,Home,11885,Home,51013,9
2869,2870,PASS,Away,23418,Away,582974,1
3076,3084,PASS,Home,811820,Home,51685,8
3110,3120,PASS,Home,51685,Home,51013,10
3144,3148,PASS,Home,51013,Home,159688,4
3201,3203,PASS,Home,159688,Home,157294,2
3208,3209,PASS,Home,157294,Home,811820,1
3287,3288,PASS,Home,159688,Home,157294,1
3419,3420,PASS,Home,51013,Home,51685,1
3532,3536,PASS,Home,811820,Home,159688,4
3560,3564,PASS,Home,159688,Home,157294,4
3573,3577,PASS,Home,157294,Home,159688,4
3593,3600,PASS,Home,159688,Home,51685,7
3623,3627,PASS,Home,51685,Home,157294,4
3649,3702,PASS,Home,157294,Home,811820,53
3722,3810,PASS,Home,811820,Home,800322,7
3830,3840,PASS,Home,800322,Home,51013,10
3909,3910,PASS,Away,51667,Away,14736,1
3917,3919,PASS,Away,14736,Away,23418,2
3936,3943,PASS,Away,23418,Away,4322,7
3989,4008,PASS,Away,4322,Away,51667,19
4026,4040,PASS,Away,51667,Away,33697,14
4075,4096,PASS,Away,33697,Away,582974,21
4278,4279,PASS,Away,582974,Away,23418,1
4297,4304,PASS,Away,23418,Away,33697,7
4317,4318,PASS,Home,11885,Home,11117,1
4346,4353,PASS,Home,11117,Home,11885,7
4371,4372,PASS,Home,11885,Home,11117,1
4511,4538,PASS,Away,582974,Away,133498,27
4601,4602,PASS,Home,157294,Home,11117,1
4669,4689,PASS,Away,33697,Away,285188,20
4706,4736,PASS,Away,285188,Away,33697,30
4762,4773,PASS,Away,33697,Away,51667,11
4831,4832,PASS,Away,51667,Away,14736,1
4837,4843,PASS,Away,14736,Away,133501,6
4879,4880,PASS,Home,159688,Home,50955,1
4933,4948,PASS,Away,23418,Away,582974,15
4967,4982,PASS,Away,133498,Away,33697,15
5326,5335,PASS,Home,51685,Home,811820,9
5348,5350,PASS,Home,811820,Home,50955,2
5479,5489,PASS,Home,51685,Home,51013,10
5509,5515,PASS,Home,51013,Home,800322,6
5549,5557,PASS,Away,33697,Away,133498,8
5575,5583,PASS,Away,133498,Away,285188,8
5636,5655,PASS,Home,51685,Home,811820,19
5663,5664,PASS,Home,811820,Home,50955,1
5707,5708,PASS,Away,38673,Away,14736,1
5746,5747,PASS,Home,50955,Home,159688,1
5801,5887,PASS,Home,159688,Home,11117,1
5888,5889,PASS,Home,11117,Home,50955,1
5957,5958,PASS,Away,14736,Away,23418,1
5961,5962,PASS,Away,23418,Away,14736,1
5972,5984,PASS,Away,14736,Away,38673,12
6064,6065,PASS,Home,157294,Home,11117,1
6123,6124,PASS,Home,11885,Home,11117,1
6172,6173,PASS,Home,11117,Home,11885,1
6187,6188,PASS,Home,11885,Home,50955,1
6209,6221,PASS,Home,11885,Home,11117,12
6398,6399,PASS,Away,133501,Away,14736,1
6528,6529,PASS,Away,23418,Away,4322,1
6551,6553,PASS,Home,811820,Home,50955,2
6592,6593,PASS,Away,14736,Away,23418,1
6629,6630,PASS,Away,14736,Away,23418,1
6695,6696,PASS,Away,51667,Away,33697,1
6747,6755,PASS,Home,51685,Home,811820,8
6782,6783,PASS,Home,811820,Home,11117,1
6807,6809,PASS,Home,50955,Home,159688,2
6860,6861,PASS,Home,159688,Home,811820,1
6901,6904,PASS,Home,50955,Home,11885,3
7046,7049,PASS,Home,50955,Home,29075,3
7080,7081,PASS,Away,33697,Away,133498,1
7449,7450,PASS,Away,38673,Away,23418,1
7554,7555,PASS,Home,159688,Home,51013,1
7562,7574,PASS,Home,51013,Home,51685,12
7604,7611,PASS,Home,51685,Home,811820,7
7617,7619,PASS,Home,811820,Home,51013,2
7654,7657,PASS,Home,51013,Home,157294,3
8140,8141,PASS,Home,51013,Home,800322,1
8145,8146,PASS,Home,800322,Home,51685,1
8159,8160,PASS,Home,51685,Home,800322,1
8163,8164,PASS,Home,800322,Home,51678,1
8548,8561,PASS,Home,51678,Home,159688,13
8566,8571,PASS,Home,159688,Home,29075,5
8663,8664,PASS,Away,582974,Away,14736,1
8669,8670,PASS,Away,14736,Away,23418,1
8699,8708,PASS,Away,51667,Away,285188,9
8727,8735,PASS,Away,285188,Away,4322,8
8819,8836,PASS,Home,50955,Home,811820,17
8886,8908,PASS,Home,811820,Home,51685,22
8977,8988,PASS,Away,38673,Away,133501,11
8996,9124,PASS,Away,133501,Away,4322,128
9191,9203,PASS,Away,14736,Away,38673,12
9221,9235,PASS,Away,38673,Away,133498,14
9349,9725,PASS,Away,624628,Away,133501,81
9730,9734,PASS,Away,133501,Away,14736,4
9845,9848,PASS,Away,582974,Away,133498,3
9915,9916,PASS,Home,11117,Home,11885,1
9959,9972,PASS,Home,157294,Home,51685,13
9989,10006,PASS,Home,51685,Home,811820,17
10040,10047,PASS,Home,811820,Home,159688,7
10066,10077,PASS,Home,159688,Home,51685,11
10092,10099,PASS,Home,51685,Home,51013,7
10121,10129,PASS,Home,51013,Home,800322,8
10152,10163,PASS,Home,800322,Home,51013,11
10217,10228,PASS,Home,51013,Home,51685,11
10263,10265,PASS,Away,133501,Away,14736,2
10291,10298,PASS,Home,811820,Home,51685,7
10314,10323,PASS,Home,51685,Home,51013,9
10344,10345,PASS,Home,51013,Home,11885,1
10592,10602,PASS,Away,133498,Away,582974,10
10639,10640,PASS,Home,51013,Home,50955,1
10679,10701,PASS,Away,14736,Away,133501,22
10737,10749,PASS,Away,133501,Away,14736,12
10774,10779,PASS,Home,50955,Home,29075,5
10837,10863,PASS,Home,157294,Home,50955,26
10907,10908,PASS,Away,23418,Away,51667,1
10931,10932,PASS,Home,29075,Home,811820,1
11001,11002,PASS,Home,159688,Home,50955,1
11025,11026,PASS,Away,23418,Away,14736,1
11057,11058,PASS,Home,157294,Home,159688,1
11120,11127,PASS,Home,51685,Home,51013,7
11167,11179,PASS,Home,11885,Home,800322,12
11205,11207,PASS,Home,800322,Home,11885,2
11229,11231,PASS,Home,11117,Home,11885,2
11267,11268,PASS,Home,800322,Home,11117,1
11311,11312,PASS,Away,582974,Away,133498,1
11317,11319,PASS,Home,800322,Home,11885,2
11332,11334,PASS,Home,157294,Home,51013,2
11342,11429,PASS,Home,51013,Home,51685,87
11447,11458,PASS,Home,51685,Home,811820,11
11477,11478,PASS,Home,811820,Home,50955,1
11511,11519,PASS,Home,50955,Home,51685,8
11546,11558,PASS,Home,51685,Home,11117,12
11687,11704,PASS,Home,51013,Home,51685,17
11736,11741,PASS,Home,51685,Home,50955,5
11866,11885,PASS,Home,50955,Home,159688,19
11917,11925,PASS,Home,159688,Home,51013,8
11975,11985,PASS,Home,51013,Home,51685,10
12046,12059,PASS,Home,159688,Home,811820,13
12092,12094,PASS,Home,811820,Home,11117,2
12129,12130,PASS,Home,11117,Home,159688,1
12135,12136,PASS,Home,159688,Home,51685,1
12174,12179,PASS,Home,159688,Home,51013,5
12237,12244,PASS,Home,51013,Home,800322,7
12273,12294,PASS,Home,800322,Home,51685,21
12319,12324,PASS,Home,51685,Home,811820,5
12394,12405,PASS,Home,159688,Home,811820,11
12420,12422,PASS,Away,4322,Away,51667,2
12748,12763,PASS,Home,11885,Home,29075,15
12769,12802,PASS,Home,29075,Home,159688,33
12820,12842,PASS,Home,159688,Home,11885,22
12880,12881,PASS,Away,4322,Away,23418,1
12889,12890,PASS,Away,23418,Away,4322,1
12898,12899,PASS,Away,4322,Away,23418,1
12903,12904,PASS,Away,23418,Away,33697,1
12911,12924,PASS,Home,51685,Home,800322,13
12936,12937,PASS,Away,14736,Away,4322,1
12972,12993,PASS,Away,4322,Away,624628,21
13077,13078,PASS,Home,800322,Home,159688,1
13079,13080,PASS,Home,159688,Home,51685,1
13090,13095,PASS,Home,811820,Home,51678,5
13103,13104,PASS,Home,51678,Home,50955,1
13633,13634,PASS,Away,14736,Away,51667,1
13640,13656,PASS,Away,51667,Away,4322,16
13672,13711,PASS,Home,50955,Home,811820,39
13731,13745,PASS,Home,811820,Home,51685,14
13767,13774,PASS,Home,51685,Home,157294,7
13810,13816,PASS,Away,23418,Away,133498,6
13930,13931,PASS,Away,14736,Away,33697,1
13937,13940,PASS,Away,33697,Away,285188,3
13990,14406,PASS,Away,285188,Away,51667,125
14425,14426,PASS,Home,11117,Home,29075,1
14433,14434,PASS,Away,51667,Away,33697,1
14492,14503,PASS,Home,11885,Home,800322,11
14905,14906,PASS,Home,800322,Home,29075,1
14916,14917,PASS,Home,51013,Home,51678,1
15061,15071,PASS,Home,811820,Home,51685,10
15084,15091,PASS,Home,51685,Home,51678,7
15127,15141,PASS,Away,38673,Away,133498,14
15147,15148,PASS,Away,14736,Away,23418,1
15173,15174,PASS,Home,159688,Home,51685,1
15199,15203,PASS,Home,51685,Home,811820,4
15309,15315,PASS,Home,11117,Home,29075,6
15384,15385,PASS,Home,29075,Home,50955,1
15426,15442,PASS,Away,33697,Away,38673,16
15527,15540,PASS,Away,582974,Away,624628,13
15571,15572,PASS,Home,51013,Home,51678,1
15586,15587,PASS,Home,51678,Home,51013,1
15604,15605,PASS,Home,51013,Home,51678,1
15865,15866,PASS,Away,51667,Away,4322,1
16523,16528,PASS,Away,33697,Away,624628,5
16544,16546,PASS,Home,11885,Home,11117,2
16579,16584,PASS,Away,14736,Away,4322,5
16601,16680,PASS,Home,50955,Home,811820,79
16977,16994,PASS,Away,285188,Away,51667,17
17084,17103,PASS,Away,33697,Away,51667,19
17130,17161,PASS,Away,51667,Away,133498,31
17177,17518,PASS,Away,133498,Away,582974,77
17532,17533,PASS,Home,51685,Home,29075,1
17534,17535,PASS,Home,29075,Home,51013,1
17537,17538,PASS,Home,51013,Home,157294,1
17539,17540,PASS,Home,157294,Home,11117,1
17552,17553,PASS,Home,11117,Home,50955,1
17594,17601,PASS,Away,133498,Away,23418,7
17605,17606,PASS,Away,23418,Away,33697,1
17612,17649,PASS,Away,33697,Away,23418,37
17731,17732,PASS,Away,133498,Away,51667,1
17878,17912,PASS,Home,51685,Home,51013,34
17933,17934,PASS,Home,11117,Home,11885,1
18029,18056,PASS,Home,811820,Home,159688,27
18080,18093,PASS,Home,159688,Home,51013,13
18136,18144,PASS,Home,51013,Home,800322,8
18215,18216,PASS,Away,33697,Away,23418,1
18243,18244,PASS,Away,23418,Away,14736,1
18282,18283,PASS,Home,159688,Home,50955,1
18538,18544,PASS,Away,23418,Away,33697,6
18558,18564,PASS,Away,33697,Away,51667,6
18586,18589,PASS,Away,51667,Away,4322,3
18819,18830,PASS,Away,51667,Away,33697,11
18897,18910,PASS,Away,33697,Away,51667,13
18937,18938,PASS,Away,51667,Away,38673,1
18958,18969,PASS,Away,38673,Away,4322,11
18983,19000,PASS,Away,4322,Away,51667,17
19012,19015,PASS,Away,51667,Away,23418,3
19036,19047,PASS,Away,23418,Away,33697,11
19079,19086,PASS,Away,33697,Away,133498,7
19120,19137,PASS,Away,133498,Away,582974,17
19180,19181,PASS,Away,582974,Away,14736,1
19202,19469,PASS,Home,157294,Home,51678,60
19632,19633,PASS,Home,11885,Home,800322,1
19659,19661,PASS,Home,51013,Home,157294,2
19674,19675,PASS,Home,159688,Home,157294,1
20013,20026,PASS,Away,133498,Away,582974,13
20034,20035,PASS,Home,800322,Home,50955,1
20038,20040,PASS,Home,50955,Home,811820,2
20041,20042,PASS,Home,811820,Home,51013,1
20079,20080,PASS,Home,51678,Home,51013,1
20090,20091,PASS,Home,51013,Home,51678,1
20098,20181,PASS,Home,51678,Home,811820,2
20275,20285,PASS,Away,23418,Away,133501,10
20334,20338,PASS,Home,159688,Home,51685,4
20340,20341,PASS,Home,51685,Home,51013,1
20351,20363,PASS,Away,582974,Away,23418,12
20375,20376,PASS,Home,51013,Home,51678,1
20381,20831,PASS,Home,51678,Home,11885,82
21122,21124,PASS,Home,11885,Home,157294,2
21131,21139,PASS,Home,157294,Home,11117,8
21148,21155,PASS,Home,11117,Home,157294,7
21158,21159,PASS,Home,157294,Home,159688,1
21164,21168,PASS,Home,159688,Home,11885,4
21183,21184,PASS,Home,11885,Home,157294,1
21191,21210,PASS,Home,157294,Home,51685,19
21226,21227,PASS,Home,159688,Home,157294,1
21230,21232,PASS,Home,157294,Home,11885,2
21238,21239,PASS,Home,11885,Home,11117,1
21260,21261,PASS,Home,11117,Home,11885,1
21263,21264,PASS,Home,11885,Home,11117,1
21283,21284,PASS,Home,11117,Home,11885,1
21330,21334,PASS,Home,11117,Home,157294,4
21342,21344,PASS,Home,157294,Home,800322,2
21354,21362,PASS,Home,800322,Home,51013,8
21379,21394,PASS,Home,51013,Home,51685,15
21417,21424,PASS,Home,51685,Home,811820,7
21439,21444,PASS,Home,811820,Home,51685,5
21466,21475,PASS,Home,51685,Home,51013,9
21490,21499,PASS,Home,51013,Home,800322,9
21901,21902,PASS,Away,133498,Away,38673,1
21949,21955,PASS,Home,50955,Home,811820,6
22034,22039,PASS,Away,51667,Away,33697,5
22053,22056,PASS,Away,33697,Away,51667,3
22091,22095,PASS,Away,51667,Away,14736,4
22104,22113,PASS,Away,14736,Away,4322,9
22157,22158,PASS,Away,133501,Away,38673,1
22234,22235,PASS,Home,11117,Home,811820,1
22523,22532,PASS,Away,51667,Away,4322,9
22572,22581,PASS,Away,133501,Away,51667,9
22599,22606,PASS,Away,51667,Away,33697,7
22630,22638,PASS,Away,33697,Away,51667,8
22650,22655,PASS,Away,51667,Away,38673,5
22667,22675,PASS,Away,38673,Away,51667,8
22700,22705,PASS,Away,51667,Away,23418,5
22711,22719,PASS,Away,23418,Away,51667,8
22731,22733,PASS,Away,51667,Away,23418,2
22761,22776,PASS,Away,23418,Away,33697,15
22798,22826,PASS,Away,33697,Away,4322,28
22855,22859,PASS,Away,4322,Away,38673,4
22871,22872,PASS,Away,38673,Away,4322,1
22874,22875,PASS,Away,4322,Away,38673,1
22935,22936,PASS,Away,133501,Away,4322,1
22946,22947,PASS,Home,159688,Home,50955,1
23005,23349,PASS,Home,159688,Home,51685,144
23367,23373,PASS,Away,23418,Away,14736,6
23402,23462,PASS,Home,11117,Home,51685,60
23523,23532,PASS,Home,51685,Home,51013,9
23558,23566,PASS,Home,51013,Home,800322,8
23581,23585,PASS,Home,800322,Home,11885,4
23592,23594,PASS,Home,11885,Home,800322,2
23607,23625,PASS,Home,800322,Home,51685,18
23647,23654,PASS,Home,51685,Home,157294,7
23877,23878,PASS,Home,157294,Home,11117,1
23885,23890,PASS,Home,11117,Home,29075,5
23915,23917,PASS,Away,14736,Away,23418,2
24002,24003,PASS,Home,11885,Home,29075,1
24010,24011,PASS,Home,11885,Home,11117,1
24025,24029,PASS,Away,23418,Away,38673,4
24076,24085,PASS,Home,159688,Home,51013,9
24129,24130,PASS,Home,159688,Home,11117,1
24137,24142,PASS,Home,11117,Home,800322,5
24166,24167,PASS,Away,582974,Away,133498,1
24291,24299,PASS,Away,38673,Away,582974,8
24331,24333,PASS,Home,159688,Home,51013,2
24338,24364,PASS,Home,51013,Home,51678,26
24393,24791,PASS,Home,51678,Home,157294,70
24897,24904,PASS,Away,133498,Away,582974,7
24943,24944,PASS,Away,23418,Away,14736,1
24990,25002,PASS,Away,14736,Away,4322,12
25025,25028,PASS,Away,4322,Away,23418,3
25076,25084,PASS,Away,38673,Away,33697,8
25102,25114,PASS,Away,33697,Away,133498,12
25156,25160,PASS,Away,23418,Away,14736,4
25175,25184,PASS,Away,14736,Away,51667,9
25207,25222,PASS,Away,51667,Away,4322,15
25241,25255,PASS,Away,4322,Away,51667,14
25268,25272,PASS,Away,51667,Away,23418,4
25295,25296,PASS,Away,23418,Away,14736,1
25302,25304,PASS,Away,14736,Away,624628,2
25689,25690,PASS,Home,50955,Home,29075,1
25703,25709,PASS,Away,133501,Away,23418,6
25723,25727,PASS,Away,23418,Away,4322,4
25753,25754,PASS,Home,159688,Home,811820,1
25758,25759,PASS,Home,811820,Home,29075,1
25761,25762,PASS,Home,29075,Home,157294,1
25763,25764,PASS,Home,157294,Home,29075,1
25930,26036,PASS,Away,4322,Away,23418,106
26043,26049,PASS,Away,23418,Away,51667,6
26077,26115,PASS,Away,51667,Away,23418,38
26123,26128,PASS,Away,23418,Away,51667,5
26151,26162,PASS,Away,51667,Away,23418,11
26367,26371,PASS,Home,11117,Home,11885,4
26961,26962,PASS,Home,159688,Home,157294,1
27231,27232,PASS,Away,4322,Away,38673,1
27263,27264,PASS,Home,50955,Home,29075,1
27277,27287,PASS,Away,51667,Away,4322,10
27315,27326,PASS,Home,159688,Home,157294,11
27454,27459,PASS,Home,157294,Home,800322,5
27475,27476,PASS,Away,582974,Away,23418,1
27507,27508,PASS,Away,133498,Away,23418,1
28093,28144,PASS,Home,11117,Home,800322,51
28193,28207,PASS,Home,800322,Home,11885,14
28251,28252,PASS,Away,23418,Away,14736,1
28308,28313,PASS,Home,157294,Home,800322,5
28327,28328,PASS,Home,800322,Home,157294,1
28348,28351,PASS,Away,14736,Away,582974,3
28393,28394,PASS,Away,582974,Away,23418,1
28468,28470,PASS,Away,133498,Away,38673,2
28500,28510,PASS,Home,50955,Home,811820,10
28516,28522,PASS,Home,811820,Home,51678,6
28770,28778,PASS,Home,11117,Home,800322,8
28947,28948,PASS,Home,157294,Home,800322,1
28973,28974,PASS,Home,800322,Home,51013,1
28977,28978,PASS,Home,51013,Home,51685,1
28984,28989,PASS,Home,51685,Home,811820,5
28994,29191,PASS,Home,811820,Home,50955,90
29220,29222,PASS,Away,14736,Away,4322,2
29275,29279,PASS,Home,159688,Home,51013,4
29282,29283,PASS,Home,51013,Home,51685,1
29296,29350,PASS,Away,133501,Away,51667,54
29358,29465,PASS,Away,51667,Away,4322,107
29629,29636,PASS,Away,4322,Away,51667,7
30166,30167,PASS,Away,133501,Away,14736,1
30173,39670,PASS,Away,14736,Away,38673,37
39684,39689,PASS,Away,38673,Away,14736,5
39717,39732,PASS,Home,11117,Home,11885,15
39853,39854,PASS,Home,11885,Home,11117,1
39868,39869,PASS,Away,33697,Away,133498,1
39877,39878,PASS,Away,133498,Away,582974,1
39921,39931,PASS,Home,159688,Home,51685,10
39947,39963,PASS,Home,51685,Home,811820,16
40013,40017,PASS,Away,133501,Away,14736,4
40038,40042,PASS,Home,50955,Home,159688,4
40049,40051,PASS,Home,159688,Home,51685,2
40069,40080,PASS,Home,51685,Home,51013,11
40110,40122,PASS,Home,51013,Home,800322,12
40227,40233,PASS,Home,51685,Home,811820,6
40381,40382,PASS,Away,133501,Away,51667,1
40389,40418,PASS,Away,51667,Away,33697,29
40431,40440,PASS,Away,33697,Away,285188,9
40448,40463,PASS,Away,285188,Away,51667,15
40585,40586,PASS,Home,811820,Home,159688,1
40646,40658,PASS,Home,11117,Home,50955,12
40676,40687,PASS,Away,4322,Away,23418,11
41018,41019,PASS,Away,23418,Away,133501,1
41037,41051,PASS,Home,811820,Home,159688,14
41087,41102,PASS,Home,159688,Home,800322,15
41130,41149,PASS,Home,811820,Home,11885,19
41230,41231,PASS,Home,811820,Home,11117,1
41270,41271,PASS,Home,11117,Home,50955,1
41299,41303,PASS,Home,11885,Home,11117,4
41368,41369,PASS,Away,51667,Away,38673,1
41399,41407,PASS,Home,811820,Home,157294,8
41427,41429,PASS,Home,157294,Home,11117,2
41455,41465,PASS,Home,11117,Home,51685,10
41487,41502,PASS,Home,51685,Home,51013,15
41569,41576,PASS,Home,159688,Home,800322,7
41590,41591,PASS,Home,800322,Home,157294,1
41593,41594,PASS,Home,157294,Home,800322,1
41600,41601,PASS,Home,800322,Home,157294,1
41678,41679,PASS,Home,51013,Home,51678,1
41684,42091,PASS,Home,51678,Home,811820,63
42168,42177,PASS,Home,811820,Home,51685,9
42198,42212,PASS,Home,51685,Home,51013,14
42247,42253,PASS,Away,624628,Away,133498,6
42258,42268,PASS,Away,133498,Away,33697,10
42287,42325,PASS,Away,33697,Away,582974,38
42380,42389,PASS,Home,800322,Home,11117,9
42418,42419,PASS,Away,23418,Away,14736,1
42437,42449,PASS,Away,14736,Away,4322,12
42484,42490,PASS,Away,4322,Away,14736,6
42496,42497,PASS,Away,14736,Away,133501,1
42508,42509,PASS,Home,811820,Home,50955,1
42555,42557,PASS,Home,50955,Home,11117,2
43272,43398,PASS,Away,4322,Away,582974,126
43407,43412,PASS,Away,582974,Away,133501,5
43455,43456,PASS,Home,157294,Home,29075,1
43887,43894,PASS,Away,133498,Away,14736,7
43901,43902,PASS,Home,51685,Home,51678,1
44173,44184,PASS,Away,133498,Away,33697,11
44228,44229,PASS,Home,50955,Home,11117,1
44338,44351,PASS,Home,159688,Home,800322,13
44403,44430,PASS,Home,800322,Home,51013,27
44556,44557,PASS,Away,133501,Away,4322,1
44560,44561,PASS,Away,4322,Away,133501,1
44571,44670,PASS,Home,11117,Home,159688,99
44709,44715,PASS,Home,159688,Home,51685,6
44749,44753,PASS,Home,51685,Home,157294,4
44762,44768,PASS,Home,157294,Home,51685,6
44842,44845,PASS,Away,38673,Away,23418,3
44852,44856,PASS,Away,23418,Away,33697,4
44862,44866,PASS,Away,33697,Away,23418,4
44872,44886,PASS,Away,23418,Away,14736,14
44895,44905,PASS,Away,14736,Away,38673,10
45014,45330,PASS,Home,51013,Home,811820,94
45342,45347,PASS,Home,811820,Home,159688,5
45352,45355,PASS,Home,159688,Home,811820,3
45467,45468,PASS,Away,133501,Away,4322,1
45485,45486,PASS,Home,29075,Home,11117,1
45492,45496,PASS,Home,11117,Home,811820,4
45710,45714,PASS,Home,811820,Home,50955,4
45742,45743,PASS,Away,624628,Away,38673,1
45812,45815,PASS,Away,23418,Away,133498,3
45875,45876,PASS,Home,11117,Home,159688,1
45910,45913,PASS,Away,14736,Away,133498,3
45945,45946,PASS,Home,800322,Home,157294,1
45947,45948,PASS,Home,157294,Home,51013,1
45949,45950,PASS,Home,51013,Home,159688,1
45953,45954,PASS,Home,159688,Home,811820,1
45962,46003,PASS,Away,133501,Away,4322,41
47728,47729,PASS,Home,157294,Home,11117,1
47755,47761,PASS,Home,11117,Home,50955,6
47801,47802,PASS,Away,51667,Away,33697,1
47806,47807,PASS,Away,33697,Away,51667,1
47817,47832,PASS,Away,51667,Away,38673,15
47845,47850,PASS,Home,157294,Home,11885,5
47970,47971,PASS,Away,14736,Away,33697,1
47973,47974,PASS,Away,33697,Away,23418,1
48713,48719,PASS,Away,4322,Away,624628,6
48735,48736,PASS,Away,33697,Away,624628,1
48739,48740,PASS,Away,624628,Away,133501,1
48746,48747,PASS,Away,133501,Away,624628,1
48749,48750,PASS,Away,624628,Away,14736,1
48768,48778,PASS,Home,157294,Home,800322,10
48799,48816,PASS,Home,800322,Home,11885,17
48834,48840,PASS,Away,624628,Away,33697,6
48921,48922,PASS,Home,811820,Home,159688,1
48963,48964,PASS,Home,157294,Home,159688,1
48984,48985,PASS,Away,14736,Away,23418,1
49034,49035,PASS,Home,50977,Home,157294,1
49043,49045,PASS,Home,157294,Home,51685,2
49486,49492,PASS,Away,14736,Away,51667,6
49520,49521,PASS,Home,157294,Home,11885,1
49586,49592,PASS,Home,11885,Home,51685,6
49609,49615,PASS,Home,51685,Home,811820,6
49625,49627,PASS,Home,811820,Home,50955,2
49647,49649,PASS,Away,51667,Away,14736,2
49749,49758,PASS,Home,159688,Home,157294,9
49764,49777,PASS,Home,157294,Home,811820,13
50247,50248,PASS,Home,50955,Home,29075,1
50252,50253,PASS,Away,51667,Away,38673,1
50313,50328,PASS,Away,133498,Away,965685,15
50396,50403,PASS,Away,965685,Away,133498,7
50411,50436,PASS,Away,133498,Away,43829,25
50921,50923,PASS,Home,800322,Home,50977,2
50926,50927,PASS,Home,50977,Home,51685,1
50933,50934,PASS,Home,51685,Home,51678,1
50971,52144,PASS,Home,51678,Home,11885,88
52153,52163,PASS,Home,11885,Home,50977,10
52181,52182,PASS,Home,50977,Home,159688,1
52231,52232,PASS,Away,14736,Away,23418,1
52248,52249,PASS,Home,159688,Home,157294,1
52263,52267,PASS,Away,43829,Away,965685,4
52315,52316,PASS,Home,157294,Home,11885,1
52332,52333,PASS,Away,23418,Away,43829,1
52373,52375,PASS,Away,38673,Away,23418,2
52494,52495,PASS,Home,159688,Home,800322,1
52499,52500,PASS,Home,800322,Home,50977,1
52547,52548,PASS,Home,800322,Home,159688,1
52570,52884,PASS,Away,43829,Away,14736,64
53028,53036,PASS,Home,11117,Home,159688,8
53067,53082,PASS,Home,159688,Home,11885,15
53095,53104,PASS,Away,133498,Away,38673,9
53153,53167,PASS,Home,811820,Home,51685,14
53174,53175,PASS,Home,51685,Home,159688,1
53207,53208,PASS,Home,159688,Home,811820,1
53229,53230,PASS,Home,811820,Home,159688,1
53241,53242,PASS,Home,159688,Home,157294,1
53248,53255,PASS,Home,157294,Home,50977,7
53279,53286,PASS,Home,50977,Home,51685,7
53302,53315,PASS,Home,51685,Home,50955,13
53347,53350,PASS,Away,14736,Away,23418,3
53375,53392,PASS,Away,23418,Away,38673,17
53492,53500,PASS,Away,133498,Away,965685,8
53518,53519,PASS,Away,965685,Away,23418,1
53549,53551,PASS,Home,157294,Home,50977,2
53559,53560,PASS,Home,50977,Home,159688,1
53576,53580,PASS,Home,159688,Home,50955,4
53687,53703,PASS,Home,50955,Home,157294,16
53722,53731,PASS,Home,157294,Home,800322,9
53739,53740,PASS,Away,965685,Away,23418,1
53748,53749,PASS,Away,23418,Away,965685,1
53757,53758,PASS,Away,965685,Away,23418,1
54275,54284,PASS,Home,745320,Home,51685,9
54291,54305,PASS,Home,51685,Home,811820,14
54354,54355,PASS,Away,51667,Away,23418,1
54387,54394,PASS,Home,800322,Home,50977,7
54403,54413,PASS,Home,50977,Home,51685,10
54418,54419,PASS,Home,51685,Home,159688,1
54435,54436,PASS,Home,159688,Home,11117,1
54454,54462,PASS,Away,133501,Away,4322,8
54525,54529,PASS,Home,811820,Home,11117,4
54536,54537,PASS,Home,11117,Home,811820,1
54604,54606,PASS,Home,11117,Home,811820,2
54662,54663,PASS,Away,4322,Away,133501,1
54671,55033,PASS,Away,133501,Away,4322,44
55097,55098,PASS,Home,51685,Home,811820,1
55192,55193,PASS,Home,157294,Home,50977,1
55200,55226,PASS,Home,50977,Home,51678,26
55253,55264,PASS,Home,50977,Home,51685,11
55287,55298,PASS,Home,51685,Home,157294,11
55306,55311,PASS,Home,157294,Home,50977,5
55344,55345,PASS,Home,50977,Home,157294,1
55407,55416,PASS,Home,11117,Home,50979,9
55442,55443,PASS,Home,11117,Home,159688,1
55450,55458,PASS,Home,159688,Home,11117,8
55469,55481,PASS,Home,11117,Home,811820,12
55551,55552,PASS,Home,745320,Home,159688,1
55610,55622,PASS,Away,4322,Away,38673,12
55739,56004,PASS,Home,51678,Home,51685,1
56044,56045,PASS,Away,14736,Away,51667,1
56110,56112,PASS,Away,14736,Away,133501,2
56163,56164,PASS,Home,157294,Home,811820,1
56166,56167,PASS,Home,811820,Home,157294,1
56174,56513,PASS,Home,157294,Home,811820,67
56581,56585,PASS,Home,811820,Home,159688,4
56614,56618,PASS,Home,159688,Home,11117,4
56960,56964,PASS,Away,23418,Away,285188,4
57017,57018,PASS,Away,133498,Away,285188,1
57020,57101,PASS,Away,285188,Away,133498,1
57119,57128,PASS,Away,133498,Away,38673,9
57195,57197,PASS,Away,43829,Away,965685,2
57231,57233,PASS,Home,745320,Home,50979,2
57844,57897,PASS,Away,33697,Away,133498,53
57992,57996,PASS,Home,50955,Home,159688,4
58007,58008,PASS,Home,159688,Home,157294,1
58023,58025,PASS,Home,157294,Home,800322,2
58077,58078,PASS,Home,50955,Home,800322,1
58085,58120,PASS,Home,800322,Home,51685,35
58130,58139,PASS,Home,51685,Home,50977,9
58145,58174,PASS,Home,50977,Home,51685,29
58199,58213,PASS,Away,43829,Away,4322,14
58222,58240,PASS,Away,4322,Away,43829,18
58264,58265,PASS,Away,38673,Away,14736,1
58327,58330,PASS,Away,14736,Away,33697,3
58364,58365,PASS,Away,965685,Away,23418,1
58401,58403,PASS,Away,14736,Away,33697,2
58796,58815,PASS,Home,159688,Home,800322,19
58823,58834,PASS,Home,800322,Home,50955,11
58859,58917,PASS,Home,50955,Home,811820,58
58986,58991,PASS,Home,11117,Home,159688,5
59016,59026,PASS,Home,50955,Home,157294,10
59060,59063,PASS,Home,157294,Home,800322,3
59130,59138,PASS,Away,14736,Away,23418,8
59149,59158,PASS,Home,50955,Home,157294,9
59170,59181,PASS,Home,157294,Home,800322,11
59196,59203,PASS,Home,800322,Home,157294,7
59302,59312,PASS,Home,800322,Home,811820,10
59367,59369,PASS,Home,811820,Home,159688,2
59377,60620,PASS,Away,51667,Away,31147,100
60625,60626,PASS,Home,50979,Home,11117,1
60642,60651,PASS,Home,159688,Home,745320,9
61085,61111,PASS,Home,159688,Home,50955,26
61318,61355,PASS,Home,157294,Home,800322,37
61372,61387,PASS,Home,800322,Home,51678,15
61395,61400,PASS,Home,51678,Home,50977,5
61407,61422,PASS,Home,50977,Home,800322,15
61552,61559,PASS,Home,50955,Home,157294,7
61584,61585,PASS,Home,157294,Home,50955,1
61602,61603,PASS,Home,50955,Home,157294,1
61618,61624,PASS,Home,157294,Home,800322,6
61645,61649,PASS,Home,800322,Home,157294,4
61663,61668,PASS,Home,157294,Home,11117,5
61676,61679,PASS,Home,11117,Home,50955,3
61700,61706,PASS,Home,50955,Home,811820,6
61738,61743,PASS,Home,811820,Home,11117,5
61766,61767,PASS,Home,11117,Home,159688,1
61773,61774,PASS,Home,159688,Home,811820,1
61781,61786,PASS,Home,811820,Home,50955,5
61865,61866,PASS,Home,50955,Home,811820,1
61892,61893,PASS,Home,811820,Home,11117,1
61957,61959,PASS,Home,159688,Home,51685,2
61965,61975,PASS,Home,51685,Home,11117,10
62006,62007,PASS,Home,811820,Home,50955,1
62020,62024,PASS,Away,14736,Away,50951,4
62064,62069,PASS,Away,965685,Away,38673,5
62161,62173,PASS,Home,159688,Home,11117,12
62220,62221,PASS,Away,50951,Away,14736,1
63272,63275,PASS,Away,43829,Away,38673,3
63288,63291,PASS,Home,795521,Home,800322,3
63298,63300,PASS,Home,800322,Home,745320,2
63322,63330,PASS,Home,745320,Home,159688,8
63376,63386,PASS,Home,795521,Home,157294,10
63426,63438,PASS,Home,157294,Home,811820,12
63448,63449,PASS,Away,51667,Away,31147,1
63459,63473,PASS,Home,50979,Home,800322,14
63511,63522,PASS,Away,38673,Away,43829,11
64177,64183,PASS,Away,4322,Away,14736,6
64344,64345,PASS,Home,795521,Home,800322,1
64395,64404,PASS,Away,965685,Away,38673,9
64591,64636,PASS,Home,51678,Home,157294,45
64725,64732,PASS,Home,157294,Home,159688,7
64749,64753,PASS,Home,159688,Home,51714,4
64836,64842,PASS,Home,795521,Home,51714,6
64896,64900,PASS,Home,51714,Home,50977,4
64919,64925,PASS,Home,50977,Home,157294,6
64943,64944,PASS,Home,157294,Home,795521,1
64984,64985,PASS,Home,795521,Home,159688,1
64987,64988,PASS,Home,159688,Home,795521,1
65186,65292,PASS,Away,31147,Away,51713,106
65299,65309,PASS,Away,51713,Away,965685,10
65351,65357,PASS,Home,800322,Home,50977,6
65389,65401,PASS,Home,50977,Home,51678,12
65431,65441,PASS,Home,51678,Home,51685,10
65515,65540,PASS,Home,51685,Home,811820,25
65552,65553,PASS,Home,811820,Home,745320,1
65563,65564,PASS,Away,43829,Away,14736,1
65618,65637,PASS,Home,51714,Home,800322,19
65698,65699,PASS,Away,285188,Away,51667,1
65711,65712,PASS,Away,51667,Away,285188,1
65714,65715,PASS,Away,285188,Away,51667,1
65728,65729,PASS,Away,51667,Away,285188,1
65909,65918,PASS,Home,159688,Home,50977,9
65925,65926,PASS,Home,159688,Home,795521,1
65942,65944,PASS,Away,33697,Away,51713,2
65976,65983,PASS,Away,51713,Away,51667,7
66025,66031,PASS,Away,51667,Away,4322,6
66049,66055,PASS,Away,4322,Away,43829,6
66119,66229,PASS,Away,43829,Away,4322,110
66694,66715,PASS,Away,43829,Away,4322,21
66740,66760,PASS,Away,4322,Away,43829,20
66768,66776,PASS,Away,43829,Away,14736,8
66952,66953,PASS,Away,43829,Away,4322,1
67008,67017,PASS,Home,745320,Home,795521,9
67038,67039,PASS,Away,14736,Away,4322,1
67099,67102,PASS,Away,38673,Away,50951,3
67661,67667,PASS,Away,50951,Away,43829,6
67748,67749,PASS,Away,51713,Away,50951,1
67757,67758,PASS,Away,50951,Away,51713,1
67781,67786,PASS,Home,745320,Home,50979,5
68003,68030,PASS,Away,14736,Away,43829,27
68062,68147,PASS,Home,51714,Home,51685,85
68217,68223,PASS,Home,51714,Home,811820,6
68313,68314,PASS,Home,51685,Home,811820,1
68348,68349,PASS,Home,811820,Home,51714,1
68425,68429,PASS,Away,43829,Away,38673,4
68470,68471,PASS,Home,795521,Home,51685,1
68476,68477,PASS,Home,51685,Home,159688,1
68652,68656,PASS,Home,811820,Home,51714,4
68689,68692,PASS,Home,51714,Home,800322,3
68706,68711,PASS,Home,800322,Home,51714,5
68760,68772,PASS,Home,51714,Home,50977,12
68786,68794,PASS,Home,50977,Home,51685,8
68829,69158,PASS,Away,4322,Away,285188,109
69166,69188,PASS,Away,285188,Away,31147,22
69275,69280,PASS,Home,795521,Home,51714,5
69300,69301,PASS,Away,33697,Away,51713,1
69314,69320,PASS,Home,745320,Home,159688,6
69328,69339,PASS,Home,159688,Home,50977,11
69355,69359,PASS,Home,50977,Home,51714,4
69366,69368,PASS,Home,51714,Home,159688,2
69387,69388,PASS,Home,159688,Home,51714,1
69407,69408,PASS,Away,965685,Away,50951,1
69505,69506,PASS,Home,50977,Home,51678,1
69595,69600,PASS,Home,800322,Home,795521,5
69618,69626,PASS,Home,795521,Home,157294,8
69656,69665,PASS,Home,157294,Home,745320,9
69698,69699,PASS,Home,745320,Home,157294,1
69755,69758,PASS,Home,811820,Home,745320,3
69772,69773,PASS,Home,745320,Home,795521,1
69798,69799,PASS,Home,745320,Home,811820,1
69860,69861,PASS,Away,14736,Away,51667,1
69862,69863,PASS,Away,51667,Away,31147,1
69864,69865,PASS,Away,31147,Away,33697,1
69866,69867,PASS,Away,33697,Away,285188,1
69876,70288,PASS,Away,285188,Away,51713,57
